﻿No,Patient,days,CD8,CD4,Hospital,Sex,Age,Disease,,
b1,ChenZhenWei,69,633 ,40 ,市一,M,47,再障AA,,
b1,ChenZhenWei,78,368 ,0 ,市一,M,47,再障AA,,
b1,ChenZhenWei,92,1983 ,95 ,市一,M,47,再障AA,,
b1,ChenZhenWei,99,1833 ,265 ,市一,M,47,再障AA,,
b1,ChenZhenWei,107,1363 ,1019 ,市一,M,47,再障AA,,
b1,ChenZhenWei,113,855 ,202 ,市一,M,47,再障AA,,
b2,GanYuBao,48,0 ,0 ,市一,M,24,再障AA,,
b2,GanYuBao,57,122 ,111 ,市一,M,24,再障AA,,
b2,GanYuBao,71,1795 ,333 ,市一,M,24,再障AA,,
b2,GanYuBao,78,1696 ,329 ,市一,M,24,再障AA,,
b2,GanYuBao,86,1489 ,564 ,市一,M,24,再障AA,,
b3,GaoYu,375,3098 ,24 ,市一,M,22,再障AA,,
b3,GaoYu,384,1992 ,574 ,市一,M,22,再障AA,,
b3,GaoYu,398,1365 ,259 ,市一,M,22,再障AA,,
b3,GaoYu,405,3711 ,1125 ,市一,M,22,再障AA,,
b3,GaoYu,413,4638 ,681 ,市一,M,22,再障AA,,
b3,GaoYu,461,2318 ,724 ,市一,M,22,再障AA,,
b3,GaoYu,468,11886 ,960 ,市一,M,22,再障AA,,
b3,GaoYu,475,10704 ,252 ,市一,M,22,再障AA,,
b4,HuQiJin,46,904 ,110 ,市一,M,48,再障AA,,
b4,HuQiJin,55,342 ,75 ,市一,M,48,再障AA,,
b4,HuQiJin,69,1673 ,39 ,市一,M,48,再障AA,,
b4,HuQiJin,76,2645 ,175 ,市一,M,48,再障AA,,
b4,HuQiJin,84,3432 ,146 ,市一,M,48,再障AA,,
b5,LiZhengMing,43,24 ,676 ,市一,M,30,再障AA,,
b5,LiZhengMing,57,1468 ,707 ,市一,M,30,再障AA,,
b5,LiZhengMing,64,7539 ,1342 ,市一,M,30,再障AA,,
b5,LiZhengMing,72,7214 ,1386 ,市一,M,30,再障AA,,
b5,LiZhengMing,227,31573 ,1183 ,市一,M,30,再障AA,,
b6,LiuQiLan,56,318 ,93 ,市一,F,37,再障AA,,
b6,LiuQiLan,65,759 ,272 ,市一,F,37,再障AA,,
b6,LiuQiLan,79,395 ,68 ,市一,F,37,再障AA,,
b6,LiuQiLan,86,317 ,49 ,市一,F,37,再障AA,,
b6,LiuQiLan,94,529 ,62 ,市一,F,37,再障AA,,
b6,LiuQiLan,100,262 ,20 ,市一,F,37,再障AA,,
b6,LiuQiLan,204,7743 ,246 ,市一,F,37,再障AA,,
b6,LiuQiLan,240,4522 ,237 ,市一,F,37,再障AA,,
b7,ZuoJie,44,31 ,459 ,市一,F,12,再障AA,,
b7,ZuoJie,53,318 ,73 ,市一,F,12,再障AA,,
b7,ZuoJie,58,695 ,340 ,市一,F,12,再障AA,,
b7,ZuoJie,65,1676 ,398 ,市一,F,12,再障AA,,
b7,ZuoJie,73,216 ,169 ,市一,F,12,再障AA,,
b7,ZuoJie,79,324 ,224 ,市一,F,12,再障AA,,
b8,CaiYuMin,59,19 ,183 ,市一,F,26,再障AA,,
b8,CaiYuMin,163,6164 ,2084 ,市一,F,26,再障AA,,
b8,CaiYuMin,231,4727 ,391 ,市一,F,26,再障AA,,
b9,JiangZeMin,52,1203 ,443 ,市一,M,34,再障AA,,
b9,JiangZeMin,58,1385 ,269 ,市一,M,34,再障AA,,
b9,JiangZeMin,191,1951 ,205 ,市一,M,34,再障AA,,
b9,JiangZeMin,198,3034 ,202 ,市一,M,34,再障AA,,
b10,MaYanLing,24,41 ,52 ,市一,F,38,再障AA,,
b10,MaYanLing,44,449 ,252 ,市一,F,38,再障AA,,
b11,WuFangFang,34,76 ,0 ,市一,F,46,再障AA,,
b11,WuFangFang,40,0 ,8 ,市一,F,46,再障AA,,
b11,WuFangFang,47,0 ,27 ,市一,F,46,再障AA,,
b11,WuFangFang,152,41 ,60 ,市一,F,46,再障AA,,
b11,WuFangFang,159,271 ,91 ,市一,F,46,再障AA,,
b11,WuFangFang,166,89 ,34 ,市一,F,46,再障AA,,
b11,WuFangFang,173,220 ,87 ,市一,F,46,再障AA,,
b11,WuFangFang,187,385 ,25 ,市一,F,46,再障AA,,
b11,WuFangFang,194,0 ,0 ,市一,F,46,再障AA,,
b12,ZhangRen,34,272 ,482 ,市一,M,39,再障AA,,
b12,ZhangRen,47,302 ,362 ,市一,M,39,再障AA,,
b12,ZhangRen,54,203 ,414 ,市一,M,39,再障AA,,
b12,ZhangRen,82,331 ,89 ,市一,M,39,再障AA,,
b12,ZhangRen,89,1339 ,122 ,市一,M,39,再障AA,,
b12,ZhangRen,103,988 ,213 ,市一,M,39,再障AA,,
b12,ZhangRen,110,1709 ,814 ,市一,M,39,再障AA,,
b12,ZhangRen,179,16049 ,469 ,市一,M,39,再障AA,,
b13,LiangGuiFeng,47,244 ,1581 ,市一,F,38,再障AA,,
b13,LiangGuiFeng,54,422 ,908 ,市一,F,38,再障AA,,
b13,LiangGuiFeng,224,1089 ,352 ,市一,F,38,再障AA,,
b14,LiJiaYong,153,1520 ,201 ,市一,M,38,再障AA,,
b14,LiJiaYong,160,2077 ,429 ,市一,M,38,再障AA,,
b14,LiJiaYong,167,1592 ,221 ,市一,M,38,再障AA,,
b14,LiJiaYong,363,8662 ,49 ,市一,M,38,再障AA,,
b15,HuangXiangMing,190,39 ,0 ,市一,M,47,再障AA,,
b15,HuangXiangMing,197,12 ,0 ,市一,M,47,再障AA,,
b15,HuangXiangMing,225,140 ,7 ,市一,M,47,再障AA,,
b15,HuangXiangMing,232,71 ,0 ,市一,M,47,再障AA,,
b15,HuangXiangMing,239,113 ,14 ,市一,M,47,再障AA,,
b15,HuangXiangMing,275,49 ,19 ,市一,M,47,再障AA,,
b15,HuangXiangMing,281,120 ,161 ,市一,M,47,再障AA,,
b15,HuangXiangMing,288,0 ,0 ,市一,M,47,再障AA,,
b15,HuangXiangMing,295,62 ,58 ,市一,M,47,再障AA,,
b15,HuangXiangMing,335,0 ,0 ,市一,M,47,再障AA,,
b15,HuangXiangMing,344,128 ,14 ,市一,M,47,再障AA,,
b15,HuangXiangMing,347,122 ,20 ,市一,M,47,再障AA,,
b15,HuangXiangMing,360,80 ,5 ,市一,M,47,再障AA,,
b15,HuangXiangMing,435,306 ,9 ,市一,M,47,再障AA,,
b16,ChenDongMing,109,521 ,118 ,市一,M,17,再障AA,,
b17,ZhanQiuYi,33,0 ,0 ,市一,F,19,再障AA,,
b17,ZhanQiuYi,44,0 ,4 ,市一,F,19,再障AA,,
b17,ZhanQiuYi,53,0 ,0 ,市一,F,19,再障AA,,
b17,ZhanQiuYi,109,25 ,0 ,市一,F,19,再障AA,,
b18,LiJieHua,-7,430 ,161 ,市一,F,28,再障AA,,
b18,LiJieHua,63,1275 ,4611 ,市一,F,28,再障AA,,
b18,LiJieHua,70,931 ,6751 ,市一,F,28,再障AA,,
b18,LiJieHua,78,763 ,652 ,市一,F,28,再障AA,,
b18,LiJieHua,105,1627 ,1961 ,市一,F,28,再障AA,,
b18,LiJieHua,176,2969 ,357 ,市一,F,28,再障AA,,
b19,ZhangJingYi,37,336 ,553 ,市一,F,14,再障AA,,
b19,ZhangJingYi,93,8482 ,119 ,市一,F,14,再障AA,,
b19,ZhangJingYi,132,7622 ,339 ,市一,F,14,再障AA,,
b20,CaoShiJiao,19,12 ,0 ,市一,F,45,再障AA,,
b20,CaoShiJiao,47,14 ,36 ,市一,F,45,再障AA,,
b20,CaoShiJiao,54,35 ,225 ,市一,F,45,再障AA,,
b20,CaoShiJiao,138,4120 ,97 ,市一,F,45,再障AA,,
b20,CaoShiJiao,145,17940 ,57 ,市一,F,45,再障AA,,
b21,LeiZi,86,589 ,216 ,市一,F,22,再障AA,,
b22,ZhouGuoHui,50,11 ,209 ,市一,M,20,再障AA,,
b23,SunJianHua,56,791 ,241 ,市一,M,24,再障AA,,
b23,SunJianHua,70,612 ,66 ,市一,M,24,再障AA,,
b24,ZhengZhongXian,19,0 ,1 ,市一,M,54,再障AA,,
b24,ZhengZhongXian,48,4 ,45 ,市一,M,54,再障AA,,
b24,ZhengZhongXian,54,7 ,77 ,市一,M,54,再障AA,,
b24,ZhengZhongXian,82,377 ,56 ,市一,M,54,再障AA,,
b24,ZhengZhongXian,97,1596 ,64 ,市一,M,54,再障AA,,
b25,CaiJianChao,60,499 ,201 ,市一,M,21,再障AA,,
b25,CaiJianChao,81,3604 ,161 ,市一,M,21,再障AA,,
b25,CaiJianChao,121,781 ,142 ,市一,M,21,再障AA,,
b26,HuangRongYi,54,16 ,33 ,市一,F,15,再障AA,,
b26,HuangRongYi,61,440 ,1026 ,市一,F,15,再障AA,,
b26,HuangRongYi,131,2831 ,103 ,市一,F,15,再障AA,,
b27,ChenShuQun,52,1057 ,398 ,市一,F,31,再障AA,,
b27,ChenShuQun,58,672 ,783 ,市一,F,31,再障AA,,
b27,ChenShuQun,88,651 ,141 ,市一,F,31,再障AA,,
b28,XianLiLi,49,162 ,40 ,市一,F,22,再障AA,,
b28,XianLiLi,91,2195 ,195 ,市一,F,22,再障AA,,
b28,XianLiLi,187,2929 ,387 ,市一,F,22,再障AA,,
b28,XianLiLi,218,13251 ,129 ,市一,F,22,再障AA,,
b29,ZhangBiSheng,187,3475 ,474 ,市一,M,38,再障AA,,
b30,ZhuYongChuan,55,2 ,151 ,市一,M,37,再障AA,,
b30,ZhuYongChuan,63,0 ,122 ,市一,M,37,再障AA,,
b30,ZhuYongChuan,69,43 ,55 ,市一,M,37,再障AA,,
b30,ZhuYongChuan,91,19 ,8 ,市一,M,37,再障AA,,
b30,ZhuYongChuan,146,51 ,37 ,市一,M,37,再障AA,,
b30,ZhuYongChuan,182,221 ,36 ,市一,M,37,再障AA,,
b31,DouGuiQing,-27,268 ,121 ,市一,F,46,再障AA,,
b31,DouGuiQing,-20,972 ,274 ,市一,F,46,再障AA,,
b31,DouGuiQing,94,4228 ,757 ,市一,F,46,再障AA,,
b32,HuangDongHao,317,8872 ,274 ,市一,M,26,再障AA,,
b32,HuangDongHao,330,6267 ,475 ,市一,M,26,再障AA,,
b32,HuangDongHao,337,2534 ,90 ,市一,M,26,再障AA,,
b32,HuangDongHao,344,3632 ,518 ,市一,M,26,再障AA,,
b32,HuangDongHao,358,5070 ,703 ,市一,M,26,再障AA,,
b32,HuangDongHao,365,5974 ,568 ,市一,M,26,再障AA,,
b32,HuangDongHao,391,2918 ,457 ,市一,M,26,再障AA,,
b33,MoWeiZhi,36,4 ,43 ,市一,F,32,再障AA,,
b33,MoWeiZhi,43,26 ,76 ,市一,F,32,再障AA,,
b33,MoWeiZhi,50,64 ,19 ,市一,F,32,再障AA,,
b33,MoWeiZhi,64,162 ,6 ,市一,F,32,再障AA,,
b33,MoWeiZhi,69,278 ,23 ,市一,F,32,再障AA,,
b33,MoWeiZhi,76,348 ,17 ,市一,F,32,再障AA,,
b33,MoWeiZhi,148,177 ,0 ,市一,F,32,再障AA,,
b34,QiuLiXian,52,40 ,127 ,市一,F,18,再障AA,,
b34,QiuLiXian,58,90 ,237 ,市一,F,18,再障AA,,
b35,RuanXing,48,74 ,0 ,市一,M,20,再障AA,,
b35,RuanXing,55,331 ,137 ,市一,M,20,再障AA,,
b35,RuanXing,62,135 ,130 ,市一,M,20,再障AA,,
b35,RuanXing,91,0 ,0 ,市一,M,20,再障AA,,
b36,TanMingYu,23,1865 ,1735 ,市一,F,22,再障AA,,
b36,TanMingYu,36,900 ,1784 ,市一,F,22,再障AA,,
b36,TanMingYu,43,603 ,330 ,市一,F,22,再障AA,,
b36,TanMingYu,50,4931 ,964 ,市一,F,22,再障AA,,
b36,TanMingYu,64,832 ,265 ,市一,F,22,再障AA,,
b36,TanMingYu,97,27741 ,2708 ,市一,F,22,再障AA,,
b37,XuLei,50,56 ,345 ,市一,M,32,再障AA,,
b37,XuLei,57,24 ,13 ,市一,M,32,再障AA,,
b37,XuLei,93,310 ,44 ,市一,M,32,再障AA,,
b38,ChenYiPing,390,19114 ,485 ,市一,F,15,再障AA,,
b39,FangRuiJun,29,0 ,42 ,市一,F,20,再障AA,,
b39,FangRuiJun,35,6 ,580 ,市一,F,20,再障AA,,
b39,FangRuiJun,63,413 ,145 ,市一,F,20,再障AA,,
b39,FangRuiJun,70,115 ,242 ,市一,F,20,再障AA,,
b39,FangRuiJun,98,111 ,333 ,市一,F,20,再障AA,,
b39,FangRuiJun,189,751 ,345 ,市一,F,20,再障AA,,
b40,FangCaiBiao,48,126 ,89 ,市一,M,29,再障AA,,
b40,FangCaiBiao,55,446 ,613 ,市一,M,29,再障AA,,
b40,FangCaiBiao,62,435 ,128 ,市一,M,29,再障AA,,
b40,FangCaiBiao,95,661 ,218 ,市一,M,29,再障AA,,
b41,HuangZhuHeng,22,0 ,20 ,市一,M,35,再障AA,,
b41,HuangZhuHeng,62,259 ,591 ,市一,M,35,再障AA,,
b41,HuangZhuHeng,71,718 ,474 ,市一,M,35,再障AA,,
b42,LiangRunGuang,19,0 ,0 ,市一,M,37,再障AA,,
b42,LiangRunGuang,34,0 ,0 ,市一,M,37,再障AA,,
b42,LiangRunGuang,54,0 ,0 ,市一,M,37,再障AA,,
b42,LiangRunGuang,59,0 ,16 ,市一,M,37,再障AA,,
b42,LiangRunGuang,82,0 ,0 ,市一,M,37,再障AA,,
b42,LiangRunGuang,89,0 ,0 ,市一,M,37,再障AA,,
b42,LiangRunGuang,96,110 ,6 ,市一,M,37,再障AA,,
b42,LiangRunGuang,160,215 ,0 ,市一,M,37,再障AA,,
b43,TangMeiXiang,30,118 ,131 ,市一,F,57,再障AA,,
b43,TangMeiXiang,62,6044 ,133 ,市一,F,57,再障AA,,
b43,TangMeiXiang,92,2582 ,0 ,市一,F,57,再障AA,,
b43,TangMeiXiang,169,10761 ,92 ,市一,F,57,再障AA,,
b44,WangHao,173,38193 ,625 ,市一,M,16,再障AA,,
b45,ZhangJiangWei,29,4 ,0 ,市一,M,29,再障AA,,
b45,ZhangJiangWei,49,0 ,0 ,市一,M,29,再障AA,,
b45,ZhangJiangWei,56,13 ,13 ,市一,M,29,再障AA,,
b45,ZhangJiangWei,61,0 ,40 ,市一,M,29,再障AA,,
b45,ZhangJiangWei,63,207 ,36 ,市一,M,29,再障AA,,
b45,ZhangJiangWei,70,0 ,18 ,市一,M,29,再障AA,,
b45,ZhangJiangWei,75,0 ,0 ,市一,M,29,再障AA,,
b46,ZhengXiangYu,16,0 ,0 ,市一,M,21,再障AA,,
b46,ZhengXiangYu,23,0 ,0 ,市一,M,21,再障AA,,
b47,ZhuangXiaoXi,-8,417 ,330 ,市一,M,35,再障AA,,
b47,ZhuangXiaoXi,27,0 ,5 ,市一,M,35,再障AA,,
b48,LiuYanHui,114,48 ,135 ,市一,M,25,再障AA,,
b48,LiuYanHui,119,203 ,153 ,市一,M,25,再障AA,,
b48,LiuYanHui,240,2495 ,1374 ,市一,M,25,再障AA,,
b49,CaoRuoLing,22,0 ,0 ,市一,F,29,再障AA,,
b49,CaoRuoLing,27,9 ,0 ,市一,F,29,再障AA,,
b49,CaoRuoLing,52,18 ,0 ,市一,F,29,再障AA,,
b49,CaoRuoLing,57,42 ,55 ,市一,F,29,再障AA,,
b49,CaoRuoLing,64,29 ,285 ,市一,F,29,再障AA,,
b49,CaoRuoLing,71,73 ,114 ,市一,F,29,再障AA,,
b49,CaoRuoLing,78,3 ,6 ,市一,F,29,再障AA,,
b50,ZengYongLiang,30,4 ,47 ,市一,M,13,再障AA,,
b51,FengWanQing,366,3994 ,355 ,市一,F,9,再障AA,,
b52,HuangKuangMei,36,1136 ,174 ,市一,F,48,再障AA,,
b52,HuangKuangMei,43,1614 ,155 ,市一,F,48,再障AA,,
b52,HuangKuangMei,50,3961 ,226 ,市一,F,48,再障AA,,
b52,HuangKuangMei,57,5909 ,0 ,市一,F,48,再障AA,,
b53,LiWen,61,137 ,232 ,市一,M,14,再障AA,,
b53,LiWen,94,94 ,137 ,市一,M,14,再障AA,,
b54,LinYouMin,735,29899 ,995 ,市一,M,53,再障AA,,
b55,LuoYunLong,91,2151 ,291 ,市一,M,16,再障AA,,
b56,MaNaEr,175,44119 ,1101 ,市一,F,33,再障AA,,
b57,RaoLingShan,341,11420 ,411 ,市一,F,28,再障AA,,
b58,ZhangXiao,-9,278 ,67 ,市一,F,27,再障AA,,
b58,ZhangXiao,19,320 ,0 ,市一,F,27,再障AA,,
b58,ZhangXiao,31,0 ,272 ,市一,F,27,再障AA,,
b58,ZhangXiao,38,377 ,44 ,市一,F,27,再障AA,,
b58,ZhangXiao,89,2507 ,21 ,市一,F,27,再障AA,,
b59,DaiLi,369,47884 ,177 ,市一,F,33,再障AA,,
b60,HuangJie,19,14 ,124 ,市一,M,18,再障AA,,
b61,LinKangLiang,-7,287 ,9 ,市一,M,29,再障AA,,
b61,LinKangLiang,21,44 ,34 ,市一,M,29,再障AA,,
b61,LinKangLiang,28,126 ,31 ,市一,M,29,再障AA,,
b61,LinKangLiang,40,65 ,39 ,市一,M,29,再障AA,,
b61,LinKangLiang,63,1981 ,54 ,市一,M,29,再障AA,,
b61,LinKangLiang,112,631 ,54 ,市一,M,29,再障AA,,
b62,TanZuoTing,325,11191 ,618 ,市一,F,25,再障AA,,
b63,XieRuBin,30,67 ,22 ,市一,M,15,再障AA,,
b64,YuLiangCi,27,0 ,82 ,市一,F,37,再障AA,,
b64,YuLiangCi,55,389 ,366 ,市一,F,37,再障AA,,
b64,YuLiangCi,97,1153 ,179 ,市一,F,37,再障AA,,
b65,DengYunQiang,195,0 ,297 ,市一,M,38,MDS,,
b65,DengYunQiang,204,147 ,123 ,市一,M,38,MDS,,
b65,DengYunQiang,209,177 ,52 ,市一,M,38,MDS,,
b65,DengYunQiang,216,824 ,35 ,市一,M,38,MDS,,
b65,DengYunQiang,224,536 ,141 ,市一,M,38,MDS,,
b65,DengYunQiang,230,140 ,117 ,市一,M,38,MDS,,
b65,DengYunQiang,237,197 ,583 ,市一,M,38,MDS,,
b65,DengYunQiang,244,105 ,357 ,市一,M,38,MDS,,
b65,DengYunQiang,356,1809 ,349 ,市一,M,38,MDS,,
b65,DengYunQiang,482,1797 ,117 ,市一,M,38,MDS,,
b66,FangYaoQuan,54,78 ,17 ,市一,M,50,MDS,,
b66,FangYaoQuan,68,304 ,53 ,市一,M,50,MDS,,
b66,FangYaoQuan,75,272 ,68 ,市一,M,50,MDS,,
b66,FangYaoQuan,83,714 ,586 ,市一,M,50,MDS,,
b66,FangYaoQuan,89,140 ,187 ,市一,M,50,MDS,,
b66,FangYaoQuan,181,8535 ,2636 ,市一,M,50,MDS,,
b66,FangYaoQuan,187,6301 ,3042 ,市一,M,50,MDS,,
b67,HeMingXing,379,882 ,152 ,市一,M,29,TLL,,
b67,HeMingXing,393,744 ,246 ,市一,M,29,TLL,,
b67,HeMingXing,400,5978 ,107 ,市一,M,29,TLL,,
b67,HeMingXing,408,890 ,116 ,市一,M,29,TLL,,
b67,HeMingXing,414,1027 ,25 ,市一,M,29,TLL,,
b67,HeMingXing,456,959 ,308 ,市一,M,29,TLL,,
b67,HeMingXing,463,3407 ,1052 ,市一,M,29,TLL,,
b67,HeMingXing,477,6200 ,585 ,市一,M,29,TLL,,
b68,WuYaXiang,1013,14893 ,441 ,市一,M,53,AML,,
b68,WuYaXiang,1022,6231 ,351 ,市一,M,53,AML,,
b69,XieKunPing,207,6519 ,101 ,市一,M,35,MDS,,
b69,XieKunPing,214,26151 ,1874 ,市一,M,35,MDS,,
b70,GuanJiaWen,202,2112 ,19 ,市一,M,22,PDCT,,
b70,GuanJiaWen,209,6236 ,532 ,市一,M,22,PDCT,,
b71,LiangYunCheng,99,7107 ,1604 ,市一,M,21,ALL,,
b71,LiangYunCheng,106,8785 ,2983 ,市一,M,21,ALL,,
b72,LiBingJiao,30,465 ,34 ,市一,F,55,PCL,,
b72,LiBingJiao,37,2148 ,366 ,市一,F,55,PCL,,
b73,LiaoJingLiang,31,0 ,0 ,市一,M,16,AML,,
b74,TangYaoQuan,18,0 ,0 ,市一,M,46,AML,,case
b74,TangYaoQuan,32,0 ,0 ,市一,M,46,AML,,
b74,TangYaoQuan,39,1 ,0 ,市一,M,46,AML,,
b74,TangYaoQuan,46,87 ,72 ,市一,M,46,AML,,
b74,TangYaoQuan,74,3000 ,547 ,市一,M,46,AML,,
b74,TangYaoQuan,81,5959 ,58 ,市一,M,46,AML,,
b74,TangYaoQuan,88,5659 ,49 ,市一,M,46,AML,,
b75,ZhengYaoZhen,65,166 ,255 ,市一,F,57,AML,,
b75,ZhengYaoZhen,100,3211 ,4044 ,市一,F,57,AML,,
b75,ZhengYaoZhen,161,12443 ,1541 ,市一,F,57,AML,,
b76,LiangYanBing,330,6492 ,57 ,市一,F,56,AML,,
b77,LaiShouLin,170,14610 ,112 ,市一,M,35,CML,,
b77,LaiShouLin,233,8390 ,276 ,市一,M,35,CML,,
b78,RuanGuiSheng,51,146 ,99 ,市一,M,62,MDS,,
b78,RuanGuiSheng,59,131 ,281 ,市一,M,62,MDS,,
b79,MoSuZhen,97,3772 ,608 ,市一,F,49,AML,,
b79,MoSuZhen,139,4573 ,263 ,市一,F,49,AML,,
b80,LiuYongbiao,51,107 ,1239 ,市一,M,53,AML,,
b80,LiuYongbiao,58,175 ,753 ,市一,M,53,AML,,
b80,LiuYongbiao,65,474 ,717 ,市一,M,53,AML,,
b80,LiuYongbiao,72,993 ,518 ,市一,M,53,AML,,
b80,LiuYongbiao,86,438 ,664 ,市一,M,53,AML,,
b81,ZhangYiXi,30,28 ,15 ,市一,M,18,AML,,
b81,ZhangYiXi,44,163 ,1079 ,市一,M,18,AML,,
b81,ZhangYiXi,107,1795 ,65 ,市一,M,18,AML,,
b81,ZhangYiXi,149,636 ,98 ,市一,M,18,AML,,
b82,WuDiandian,26,1584 ,76 ,市一,F,25,ALL,,
b83,YuXiang,101,1984 ,299 ,市一,M,37,MDS,,
b83,YuXiang,115,538 ,159 ,市一,M,37,MDS,,
b84,ZhouXianYou,380,14744 ,412 ,市一,M,31,AML,,
b85,HuangXiaoHua,1365,13140 ,1036 ,市一,F,45,AML,,
b86,PengZhuGen,278,12168 ,688 ,市一,M,43,AML,,
b87,YuAiZhen,24,20 ,0 ,市一,F,40,MDS,,
b87,YuAiZhen,47,49 ,48 ,市一,F,40,MDS,,
b87,YuAiZhen,54,15 ,0 ,市一,F,40,MDS,,
b87,YuAiZhen,61,28 ,10 ,市一,F,40,MDS,,
b87,YuAiZhen,68,31 ,39 ,市一,F,40,MDS,,
b87,YuAiZhen,82,0 ,45 ,市一,F,40,MDS,,
b88,ZhaoYongPan,339,6219 ,423 ,市一,M,21,ALL,,
,,,,,,,,,,
,,,,,,,,,,
,,,,,,,,,,
,,,,,,,,,,
,,,,,,,,,,
,,,,,,,,,,
,,,,,,,,,,
,,,,,,,,,,
,,,,,,,,,,
,,,,,,,,,,
,,,,,,,,,,
,,,,,,,,,,
,,,,,,,,,,
,,,,,,,,,,
,,,,,,,,,,
,,,,,,,,,,
,,,,,,,,,,
,,,,,,,,,,
,,,,,,,,,,
,,,,,,,,,,
,,,,,,,,,,
,,,,,,,,,,
,,,,,,,,,,
,,,,,,,,,,
,,,,,,,,,,
,,,,,,,,,,
,,,,,,,,,,
,,,,,,,,,,
,,,,,,,,,,
,,,,,,,,,,
,,,,,,,,,,
,,,,,,,,,,
,,,,,,,,,,
,,,,,,,,,,
,,,,,,,,,,
,,,,,,,,,,
,,,,,,,,,,
,,,,,,,,,,
,,,,,,,,,,
,,,,,,,,,,
,,,,,,,,,,
,,,,,,,,,,
,,,,,,,,,,
,,,,,,,,,,
,,,,,,,,,,
,,,,,,,,,,
,,,,,,,,,,
,,,,,,,,,,
,,,,,,,,,,
,,,,,,,,,,
,,,,,,,,,,
,,,,,,,,,,
,,,,,,,,,,
,,,,,,,,,,
,,,,,,,,,,
,,,,,,,,,,
,,,,,,,,,,
,,,,,,,,,,
,,,,,,,,,,
,,,,,,,,,,
,,,,,,,,,,
,,,,,,,,,,
,,,,,,,,,,
,,,,,,,,,,
,,,,,,,,,,
,,,,,,,,,,
,,,,,,,,,,
,,,,,,,,,,
,,,,,,,,,,
,,,,,,,,,,