﻿No,Patient,days,CD8,CD4,Hospital,Sex,Age,Disease,Course
b89,b89,63,6798,462,附一,F,24,急性B淋巴细胞白血病   B-ALL,Recovery
b89,b89,89,5182,174,附一,F,24,急性B淋巴细胞白血病   B-ALL,Recovery
b89,b89,100,2945,336,附一,F,24,急性B淋巴细胞白血病   B-ALL,Recovery
b89,b89,111,1506,0,附一,F,24,急性B淋巴细胞白血病   B-ALL,Recovery
b90,b90,-16,20,34,附一,M,24,急性髓系白血病  AML,Recovery
b90,b90,-8,0,0,附一,M,24,急性髓系白血病  AML,Recovery
b90,b90,15,22,0,附一,M,24,急性髓系白血病  AML,Recovery
b90,b90,27,42,0,附一,M,24,急性髓系白血病  AML,Recovery
b90,b90,34,447,368,附一,M,24,急性髓系白血病  AML,Recovery
b90,b90,41,450,407,附一,M,24,急性髓系白血病  AML,Recovery
b90,b90,50,724,415,附一,M,24,急性髓系白血病  AML,Recovery
b90,b90,68,658,119,附一,M,24,急性髓系白血病  AML,Recovery
b90,b90,111,2585,218,附一,M,24,急性髓系白血病  AML,Recovery
b90,b90,125,1186,43,附一,M,24,急性髓系白血病  AML,Recovery
b90,b90,132,2109,49,附一,M,24,急性髓系白血病  AML,Recovery
b90,b90,139,1722,0,附一,M,24,急性髓系白血病  AML,Recovery
b90,b90,153,1059,224,附一,M,24,急性髓系白血病  AML,Recovery
b90,b90,169,986,171,附一,M,24,急性髓系白血病  AML,Recovery
b90,b90,188,369,185,附一,M,24,急性髓系白血病  AML,Recovery
b90,b90,196,540,151,附一,M,24,急性髓系白血病  AML,Recovery
b90,b90,205,1043,137,附一,M,24,急性髓系白血病  AML,Recovery
b90,b90,224,598,109,附一,M,24,急性髓系白血病  AML,Recovery
b90,b90,230,431,155,附一,M,24,急性髓系白血病  AML,Recovery
b90,b90,244,821,236,附一,M,24,急性髓系白血病  AML,Recovery
b91,b91,-9,902,1699,附一,M,65,噬血细胞综合征  HPS,Recovery
b91,b91,16,113,0,附一,M,65,噬血细胞综合征  HPS,Recovery
b91,b91,29,44,47,附一,M,65,噬血细胞综合征  HPS,Recovery
b91,b91,49,111,219,附一,M,65,噬血细胞综合征  HPS,Recovery
b91,b91,91,889,543,附一,M,65,噬血细胞综合征  HPS,Recovery
b91,b91,99,901,921,附一,M,65,噬血细胞综合征  HPS,Recovery
b91,b91,103,2685,419,附一,M,65,噬血细胞综合征  HPS,Recovery
b91,b91,126,1946,197,附一,M,65,噬血细胞综合征  HPS,Recovery
b91,b91,151,1556,102,附一,M,65,噬血细胞综合征  HPS,Recovery
b91,b91,162,3457,280,附一,M,65,噬血细胞综合征  HPS,Recovery
b91,b91,182,9365,385,附一,M,65,噬血细胞综合征  HPS,Recovery
b91,b91,203,40135,347,附一,M,65,噬血细胞综合征  HPS,Recovery
b91,b91,226,11894,281,附一,M,65,噬血细胞综合征  HPS,Recovery
b91,b91,253,61580,553,附一,M,65,噬血细胞综合征  HPS,Recovery
b91,b91,295,33761,545,附一,M,65,噬血细胞综合征  HPS,Recovery
b92,b92,362,3859,170,附一,F,23,急性髓细胞白血病    AML,Recovery
b93,b93,233,425,215,附一,M,31,急性髓性白血病 AML,Recovery
b93,b93,423,19536,156,附一,M,31,急性髓性白血病 AML,Recovery
b94,b94,52,234,0,附一,F,47,急性髓性白血病 AML,Recovery
b94,b94,64,473,0,附一,F,47,急性髓性白血病 AML,Recovery
b95,b95,204,1124,15,附一,F,32,NK/T细胞淋巴瘤  NK/T-LL,Recovery
b95,b95,238,2754,265,附一,F,32,NK/T细胞淋巴瘤  NK/T-LL,Recovery
b95,b95,287,1632,893,附一,F,32,NK/T细胞淋巴瘤  NK/T-LL,Recovery
b95,b95,435,31838,865,附一,F,32,NK/T细胞淋巴瘤  NK/T-LL,Recovery
b96,b96,149,2269,119,附一,F,51,急性髓系白血病  AML,protracted
b96,b96,162,2460,344,附一,F,51,急性髓系白血病  AML,protracted
b96,b96,196,805,582,附一,F,51,急性髓系白血病  AML,protracted
b97,b97,121,244,0,附一,M,23,淋巴母细胞淋巴瘤/白血病  LBL,初次感染延迟
b97,b97,126,200,0,附一,M,23,淋巴母细胞淋巴瘤/白血病  LBL,初次感染延迟
b97,b97,133,417,216,附一,M,23,淋巴母细胞淋巴瘤/白血病  LBL,初次感染延迟
b97,b97,140,623,159,附一,M,23,淋巴母细胞淋巴瘤/白血病  LBL,初次感染延迟
b97,b97,147,1172,3153,附一,M,23,淋巴母细胞淋巴瘤/白血病  LBL,初次感染延迟
b97,b97,154,1596,262,附一,M,23,淋巴母细胞淋巴瘤/白血病  LBL,初次感染延迟
b97,b97,162,935.08,239,附一,M,23,淋巴母细胞淋巴瘤/白血病  LBL,初次感染延迟
b97,b97,168,183.338,595,附一,M,23,淋巴母细胞淋巴瘤/白血病  LBL,初次感染延迟
b98,b98,177,589,0,附一,F,30,急性髓系白血病  AML,Recovery
b98,b98,268,6597,273,附一,F,30,急性髓系白血病  AML,Recovery
b98,b98,375,8668,298,附一,F,30,急性髓系白血病  AML,Recovery
b98,b98,397,8550,545,附一,F,30,急性髓系白血病  AML,Recovery
b98,b98,427,7360,252,附一,F,30,急性髓系白血病  AML,Recovery
b99,b99,962,10667,1577,附一,M,37,急性髓细胞性白血病  AML,Recovery
b100,b100,230,5113,278,附一,F,31,急性髓细胞性白血病  AML,Recovery
b100,b100,292,20457,542,附一,F,31,急性髓细胞性白血病  AML,Recovery
b100,b100,434,24869,691,附一,F,31,急性髓细胞性白血病  AML,Recovery
b101,b101,16,5709,164,附一,M,52,弥漫大B细胞淋巴瘤 DLB-CL,Recovery
b101,b101,41,6379,147,附一,M,52,弥漫大B细胞淋巴瘤 DLB-CL,Recovery
b101,b101,62,11090,401,附一,M,52,弥漫大B细胞淋巴瘤 DLB-CL,Recovery
b101,b101,81,7555,858,附一,M,52,弥漫大B细胞淋巴瘤 DLB-CL,Recovery
b101,b101,97,3057,1174,附一,M,52,弥漫大B细胞淋巴瘤 DLB-CL,Recovery
b101,b101,140,26361,531,附一,M,52,弥漫大B细胞淋巴瘤 DLB-CL,Recovery
b101,b101,160,20681,576,附一,M,52,弥漫大B细胞淋巴瘤 DLB-CL,Recovery
b101,b101,176,24684,368,附一,M,52,弥漫大B细胞淋巴瘤 DLB-CL,Recovery
b101,b101,181,14787,346,附一,M,52,弥漫大B细胞淋巴瘤 DLB-CL,Recovery
b101,b101,195,5758,126,附一,M,52,弥漫大B细胞淋巴瘤 DLB-CL,Recovery
b101,b101,205,17444,1267,附一,M,52,弥漫大B细胞淋巴瘤 DLB-CL,Recovery
b101,b101,240,20784,382,附一,M,52,弥漫大B细胞淋巴瘤 DLB-CL,Recovery
b102,b102,-10,1261,88,附一,M,29,急性白血病  AL,Recovery
b102,b102,23,120,1144,附一,M,29,急性白血病  AL,Recovery
b102,b102,34,53,145,附一,M,29,急性白血病  AL,Recovery
b102,b102,107,12712,114,附一,M,29,急性白血病  AL,Recovery
b103,b103,42,0,0,附一,F,47,急性髓细胞性白血病  AML,Recovery
b103,b103,60,173,3694.451719,附一,F,47,急性髓细胞性白血病  AML,Recovery
b103,b103,100,14387,2357.247533,附一,F,47,急性髓细胞性白血病  AML,Recovery
b103,b103,132,18755,3073.605877,附一,F,47,急性髓细胞性白血病  AML,Recovery
b104,b104,797,21044,543,附一,M,21,急性淋巴细胞白血病   ALL,protracted
b104,b104,1070,11561,582,附一,M,21,急性淋巴细胞白血病   ALL,protracted
b105,b105,582,7135,0,附一,M,38,噬血细胞综合征  HPS,Recovery
b105,b105,617,8569,460,附一,M,38,噬血细胞综合征  HPS,Recovery
b105,b105,639,10883,1063,附一,M,38,噬血细胞综合征  HPS,Recovery
b105,b105,779,3624,211,附一,M,38,噬血细胞综合征  HPS,Recovery
b106,b106,101,3595,0,附一,M,43,急性髓细胞性白血病  AML,Recovery
b106,b106,126,5319,637,附一,M,43,急性髓细胞性白血病  AML,Recovery
b106,b106,140,1834,170,附一,M,43,急性髓细胞性白血病  AML,Recovery
b106,b106,238,9626,78,附一,M,43,急性髓细胞性白血病  AML,Recovery
b106,b106,275,15858,116,附一,M,43,急性髓细胞性白血病  AML,Recovery
b107,b107,1065,2216,128,附一,F,26,噬血细胞综合征  HPS,protracted
b108,b108,456,20611,4184,附一,F,25,急性髓细胞性白血病  AML,protracted
b108,b108,690,16619,2610,附一,F,25,急性髓细胞性白血病  AML,protracted
b109,b109,1103,51312,1087,附一,M,25,急性淋巴细胞白血病   ALL,protracted
b110,b110,-10,9447,1392,附一,F,56,急性髓系白血病  AML,Recovery
b110,b110,28,723,13,附一,F,56,急性髓系白血病  AML,Recovery
b110,b110,43,627,686,附一,F,56,急性髓系白血病  AML,Recovery
b111,b111,393,1307,646,附一,M,29,急性淋巴细胞白血病   ALL,Recovery
b111,b111,555,4968,312,附一,M,29,急性淋巴细胞白血病   ALL,Recovery
b112,b112,532,13330,1180,附一,F,41,急性髓系白血病  AML,Recovery
b113,b113,668,7375,4503,附一,M,35,T淋巴母细胞白血病  T-LL,Recovery
b113,b113,700,1570,2253,附一,M,35,T淋巴母细胞白血病  T-LL,Recovery
b113,b113,764,9440,1093,附一,M,35,T淋巴母细胞白血病  T-LL,Recovery
b113,b113,907,2733,1866,附一,M,35,T淋巴母细胞白血病  T-LL,Recovery
b114,b114,585,6152,1836,附一,F,36,急性淋巴细胞白血病   ALL,Recovery
b114,b114,603,276,809,附一,F,36,急性淋巴细胞白血病   ALL,Recovery
b115,b115,-8,122,1976,附一,M,42,急性髓细胞白血病    AML,Recovery
b115,b115,14,55,148,附一,M,42,急性髓细胞白血病    AML,Recovery
b115,b115,93,3538,79,附一,M,42,急性髓细胞白血病    AML,Recovery
b115,b115,237,1332,200,附一,M,42,急性髓细胞白血病    AML,Recovery
b116,b116,386,40708,978,附一,F,32,淋巴瘤白血病  LL,Recovery
b116,b116,484,57120,787,附一,F,32,淋巴瘤白血病  LL,Recovery
b117,b117,905,12105,1135,附一,M,37,急性淋巴细胞白血病   ALL,Recovery
b117,b117,1024,28833,1399,附一,M,37,急性淋巴细胞白血病   ALL,Recovery
b117,b117,1066,15121,443,附一,M,37,急性淋巴细胞白血病   ALL,Recovery
b118,b118,1329,7932,1522,附一,M,24,淋巴瘤细胞白血病   LMCL,Recovery
b119,b119,-12,2314,276,附一,M,43,急性髓性白血病 AML,Recovery
b119,b119,20,144,44,附一,M,43,急性髓性白血病 AML,Recovery
b119,b119,58,114,183,附一,M,43,急性髓性白血病 AML,Recovery
b119,b119,95,707,254,附一,M,43,急性髓性白血病 AML,Recovery
b119,b119,122,817,181,附一,M,43,急性髓性白血病 AML,Recovery
b119,b119,182,625,189,附一,M,43,急性髓性白血病 AML,Recovery
b120,b120,-10,0,119,附一,M,39,急性髓系白血病  AML,Recovery
b120,b120,20,2318,118,附一,M,39,急性髓系白血病  AML,Recovery
b120,b120,35,471,94,附一,M,39,急性髓系白血病  AML,Recovery
b120,b120,46,2105,604,附一,M,39,急性髓系白血病  AML,Recovery
b120,b120,61,690,291,附一,M,39,急性髓系白血病  AML,Recovery
b120,b120,92,2758,0,附一,M,39,急性髓系白血病  AML,Recovery
b120,b120,142,736,112,附一,M,39,急性髓系白血病  AML,Recovery
b121,b121,1491,15822,543,附一,F,44,急性髓细胞白血病    AML,Recovery
b122,b122,19,9,24,附一,M,31,急性淋巴细胞白血病   ALL,Recovery
b122,b122,33,77,61,附一,M,31,急性淋巴细胞白血病   ALL,Recovery
b122,b122,47,74,29,附一,M,31,急性淋巴细胞白血病   ALL,Recovery
b122,b122,61,120,42,附一,M,31,急性淋巴细胞白血病   ALL,Recovery
b122,b122,70,112,71,附一,M,31,急性淋巴细胞白血病   ALL,Recovery
b122,b122,82,22,34,附一,M,31,急性淋巴细胞白血病   ALL,Recovery
b123,b123,602,5269,166,附一,M,23,淋巴细胞白血病 CLL,Recovery
b124,b124,-14,227,0,附一,M,19,侵袭性NK细胞白血病  A-NKL,Recovery
b124,b124,30,38,25,附一,M,19,侵袭性NK细胞白血病  A-NKL,Recovery
b124,b124,50,201,96,附一,M,19,侵袭性NK细胞白血病  A-NKL,Recovery
b124,b124,71,698,286,附一,M,19,侵袭性NK细胞白血病  A-NKL,Recovery
b125,b125,-11,599,135,附一,M,45,急性髓系白血病  AML,Recovery
b125,b125,21,28,0,附一,M,45,急性髓系白血病  AML,Recovery
b125,b125,29,25,0,附一,M,45,急性髓系白血病  AML,Recovery
b125,b125,58,218,174,附一,M,45,急性髓系白血病  AML,Recovery
b126,b126,-14,7435,629,附一,M,64,慢性淋巴细胞白血病  CLL,Recovery
b126,b126,20,336,0,附一,M,64,慢性淋巴细胞白血病  CLL,Recovery
b126,b126,29,245,9,附一,M,64,慢性淋巴细胞白血病  CLL,Recovery
b126,b126,35,411,22,附一,M,64,慢性淋巴细胞白血病  CLL,Recovery
b126,b126,46,362,91,附一,M,64,慢性淋巴细胞白血病  CLL,Recovery
b126,b126,68,205,64,附一,M,64,慢性淋巴细胞白血病  CLL,Recovery
b126,b126,78,113,77,附一,M,64,慢性淋巴细胞白血病  CLL,Recovery
b126,b126,91,874,142,附一,M,64,慢性淋巴细胞白血病  CLL,Recovery
b127,b127,1686,12264,540,附一,F,27,急性B淋巴细胞白血病   B-ALL,Recovery
b128,b128,1815,7004,1161,附一,M,24,急性髓系白血病  AML,protracted
b129,b129,406,38172,836,附一,F,49,骨髓增生异常综合征 MDS,protracted
b130,b130,-5,6903,403,附一,M,32,多发性骨髓瘤+浆细胞性白血病 MM+PCL,Recovery
b130,b130,17,361,253,附一,M,32,多发性骨髓瘤+浆细胞性白血病 MM+PCL,Recovery
b130,b130,31,258,140,附一,M,32,多发性骨髓瘤+浆细胞性白血病 MM+PCL,Recovery
b130,b130,39,5295,710,附一,M,32,多发性骨髓瘤+浆细胞性白血病 MM+PCL,Recovery
b130,b130,42,4651,447,附一,M,32,多发性骨髓瘤+浆细胞性白血病 MM+PCL,Recovery
b130,b130,60,1713,124,附一,M,32,多发性骨髓瘤+浆细胞性白血病 MM+PCL,Recovery
b131,b131,20,258,140,附一,F,48,急性髓系白血病  AML,Recovery