﻿No,Patient,days,cmvDNA,CMV-DNA(log10),Hospital,Sex,Age,Disease
b1,ChenZhenWei,16,500,2.7,市一,M,47,再障AA
b1,ChenZhenWei,21,500,2.7,市一,M,47,再障AA
b1,ChenZhenWei,27,500,2.7,市一,M,47,再障AA
b1,ChenZhenWei,34,500,2.7,市一,M,47,再障AA
b1,ChenZhenWei,44,1060,3.03,市一,M,47,再障AA
b1,ChenZhenWei,48,500,2.7,市一,M,47,再障AA
b1,ChenZhenWei,50,822,2.91,市一,M,47,再障AA
b1,ChenZhenWei,55,500,2.7,市一,M,47,再障AA
b1,ChenZhenWei,57,1130,3.05,市一,M,47,再障AA
b1,ChenZhenWei,59,568,2.75,市一,M,47,再障AA
b1,ChenZhenWei,62,500,2.7,市一,M,47,再障AA
b1,ChenZhenWei,64,500,2.7,市一,M,47,再障AA
b1,ChenZhenWei,69,500,2.7,市一,M,47,再障AA
b1,ChenZhenWei,72,500,2.7,市一,M,47,再障AA
b1,ChenZhenWei,73,500,2.7,市一,M,47,再障AA
b1,ChenZhenWei,76,500,2.7,市一,M,47,再障AA
b1,ChenZhenWei,79,500,2.7,市一,M,47,再障AA
b1,ChenZhenWei,83,500,2.7,市一,M,47,再障AA
b1,ChenZhenWei,86,500,2.7,市一,M,47,再障AA
b1,ChenZhenWei,91,500,2.7,市一,M,47,再障AA
b1,ChenZhenWei,93,500,2.7,市一,M,47,再障AA
b1,ChenZhenWei,97,500,2.7,市一,M,47,再障AA
b1,ChenZhenWei,101,500,2.7,市一,M,47,再障AA
b1,ChenZhenWei,104,500,2.7,市一,M,47,再障AA
b1,ChenZhenWei,111,500,2.7,市一,M,47,再障AA
b1,ChenZhenWei,113,500,2.7,市一,M,47,再障AA
b1,ChenZhenWei,118,500,2.7,市一,M,47,再障AA
b1,ChenZhenWei,153,500,2.7,市一,M,47,再障AA
b1,ChenZhenWei,167,500,2.7,市一,M,47,再障AA
b1,ChenZhenWei,176,500,2.7,市一,M,47,再障AA
b1,ChenZhenWei,190,500,2.7,市一,M,47,再障AA
b1,ChenZhenWei,239,500,2.7,市一,M,47,再障AA
b2,GanYuBao,9,500,2.7,市一,M,24,再障AA
b2,GanYuBao,13,500,2.7,市一,M,24,再障AA
b2,GanYuBao,20,500,2.7,市一,M,24,再障AA
b2,GanYuBao,30,1380,3.14,市一,M,24,再障AA
b2,GanYuBao,34,1110,3.05,市一,M,24,再障AA
b2,GanYuBao,36,2280,3.36,市一,M,24,再障AA
b2,GanYuBao,38,1840,3.26,市一,M,24,再障AA
b2,GanYuBao,41,1450,3.16,市一,M,24,再障AA
b2,GanYuBao,43,1640,3.21,市一,M,24,再障AA
b2,GanYuBao,48,500,2.7,市一,M,24,再障AA
b2,GanYuBao,56,500,2.7,市一,M,24,再障AA
b2,GanYuBao,59,500,2.7,市一,M,24,再障AA
b2,GanYuBao,63,500,2.7,市一,M,24,再障AA
b2,GanYuBao,70,500,2.7,市一,M,24,再障AA
b2,GanYuBao,77,500,2.7,市一,M,24,再障AA
b2,GanYuBao,84,500,2.7,市一,M,24,再障AA
b2,GanYuBao,87,500,2.7,市一,M,24,再障AA
b2,GanYuBao,97,500,2.7,市一,M,24,再障AA
b2,GanYuBao,140,500,2.7,市一,M,24,再障AA
b2,GanYuBao,190,500,2.7,市一,M,24,再障AA
b3,GaoYu,28,500,2.7,市一,M,22,再障AA
b3,GaoYu,42,1200,3.08,市一,M,22,再障AA
b3,GaoYu,69,500,2.7,市一,M,22,再障AA
b3,GaoYu,75,500,2.7,市一,M,22,再障AA
b3,GaoYu,88,500,2.7,市一,M,22,再障AA
b3,GaoYu,89,500,2.7,市一,M,22,再障AA
b3,GaoYu,104,500,2.7,市一,M,22,再障AA
b3,GaoYu,166,2160,3.33,市一,M,22,再障AA
b3,GaoYu,238,500,2.7,市一,M,22,再障AA
b3,GaoYu,242,500,2.7,市一,M,22,再障AA
b3,GaoYu,249,500,2.7,市一,M,22,再障AA
b3,GaoYu,256,500,2.7,市一,M,22,再障AA
b3,GaoYu,263,500,2.7,市一,M,22,再障AA
b3,GaoYu,265,500,2.7,市一,M,22,再障AA
b3,GaoYu,270,500,2.7,市一,M,22,再障AA
b3,GaoYu,277,500,2.7,市一,M,22,再障AA
b3,GaoYu,284,500,2.7,市一,M,22,再障AA
b3,GaoYu,286,500,2.7,市一,M,22,再障AA
b3,GaoYu,291,500,2.7,市一,M,22,再障AA
b3,GaoYu,298,500,2.7,市一,M,22,再障AA
b3,GaoYu,305,500,2.7,市一,M,22,再障AA
b3,GaoYu,312,500,2.7,市一,M,22,再障AA
b3,GaoYu,319,500,2.7,市一,M,22,再障AA
b3,GaoYu,327,500,2.7,市一,M,22,再障AA
b3,GaoYu,333,500,2.7,市一,M,22,再障AA
b3,GaoYu,340,500,2.7,市一,M,22,再障AA
b3,GaoYu,347,500,2.7,市一,M,22,再障AA
b3,GaoYu,354,500,2.7,市一,M,22,再障AA
b3,GaoYu,357,500,2.7,市一,M,22,再障AA
b3,GaoYu,361,500,2.7,市一,M,22,再障AA
b3,GaoYu,364,500,2.7,市一,M,22,再障AA
b3,GaoYu,368,500,2.7,市一,M,22,再障AA
b3,GaoYu,371,500,2.7,市一,M,22,再障AA
b3,GaoYu,378,500,2.7,市一,M,22,再障AA
b3,GaoYu,382,500,2.7,市一,M,22,再障AA
b3,GaoYu,389,500,2.7,市一,M,22,再障AA
b3,GaoYu,392,500,2.7,市一,M,22,再障AA
b3,GaoYu,397,500,2.7,市一,M,22,再障AA
b3,GaoYu,399,500,2.7,市一,M,22,再障AA
b3,GaoYu,403,500,2.7,市一,M,22,再障AA
b3,GaoYu,406,500,2.7,市一,M,22,再障AA
b3,GaoYu,411,500,2.7,市一,M,22,再障AA
b3,GaoYu,417,500,2.7,市一,M,22,再障AA
b3,GaoYu,424,500,2.7,市一,M,22,再障AA
b3,GaoYu,445,500,2.7,市一,M,22,再障AA
b3,GaoYu,489,500,2.7,市一,M,22,再障AA
b3,GaoYu,557,500,2.7,市一,M,22,再障AA
b4,HuQiJin,11,500,2.7,市一,M,48,再障AA
b4,HuQiJin,18,500,2.7,市一,M,48,再障AA
b4,HuQiJin,26,500,2.7,市一,M,48,再障AA
b4,HuQiJin,35,500,2.7,市一,M,48,再障AA
b4,HuQiJin,42,2140,3.33,市一,M,48,再障AA
b4,HuQiJin,46,1470,3.17,市一,M,48,再障AA
b4,HuQiJin,48,1460,3.16,市一,M,48,再障AA
b4,HuQiJin,49,957,2.98,市一,M,48,再障AA
b4,HuQiJin,53,500,2.7,市一,M,48,再障AA
b4,HuQiJin,61,500,2.7,市一,M,48,再障AA
b4,HuQiJin,69,614,2.79,市一,M,48,再障AA
b4,HuQiJin,71,500,2.7,市一,M,48,再障AA
b4,HuQiJin,74,500,2.7,市一,M,48,再障AA
b4,HuQiJin,82,583,2.77,市一,M,48,再障AA
b4,HuQiJin,85,500,2.7,市一,M,48,再障AA
b4,HuQiJin,90,500,2.7,市一,M,48,再障AA
b4,HuQiJin,95,500,2.7,市一,M,48,再障AA
b4,HuQiJin,118,500,2.7,市一,M,48,再障AA
b4,HuQiJin,130,500,2.7,市一,M,48,再障AA
b4,HuQiJin,144,500,2.7,市一,M,48,再障AA
b4,HuQiJin,160,500,2.7,市一,M,48,再障AA
b5,LiZhengMing,13,500,2.7,市一,M,30,再障AA
b5,LiZhengMing,16,500,2.7,市一,M,30,再障AA
b5,LiZhengMing,20,500,2.7,市一,M,30,再障AA
b5,LiZhengMing,23,500,2.7,市一,M,30,再障AA
b5,LiZhengMing,27,500,2.7,市一,M,30,再障AA
b5,LiZhengMing,37,2260,3.35,市一,M,30,再障AA
b5,LiZhengMing,42,2800,3.45,市一,M,30,再障AA
b5,LiZhengMing,43,604,2.78,市一,M,30,再障AA
b5,LiZhengMing,45,567,2.75,市一,M,30,再障AA
b5,LiZhengMing,48,1400,3.15,市一,M,30,再障AA
b5,LiZhengMing,51,1500,3.18,市一,M,30,再障AA
b5,LiZhengMing,52,1090,3.04,市一,M,30,再障AA
b5,LiZhengMing,56,500,2.7,市一,M,30,再障AA
b5,LiZhengMing,57,500,2.7,市一,M,30,再障AA
b5,LiZhengMing,65,500,2.7,市一,M,30,再障AA
b5,LiZhengMing,72,500,2.7,市一,M,30,再障AA
b5,LiZhengMing,80,500,2.7,市一,M,30,再障AA
b5,LiZhengMing,90,500,2.7,市一,M,30,再障AA
b5,LiZhengMing,93,500,2.7,市一,M,30,再障AA
b5,LiZhengMing,108,500,2.7,市一,M,30,再障AA
b5,LiZhengMing,121,500,2.7,市一,M,30,再障AA
b5,LiZhengMing,135,500,2.7,市一,M,30,再障AA
b5,LiZhengMing,150,500,2.7,市一,M,30,再障AA
b5,LiZhengMing,164,500,2.7,市一,M,30,再障AA
b5,LiZhengMing,171,500,2.7,市一,M,30,再障AA
b5,LiZhengMing,185,500,2.7,市一,M,30,再障AA
b5,LiZhengMing,227,500,2.7,市一,M,30,再障AA
b6,LiuQiLan,14,500,2.7,市一,F,37,再障AA
b6,LiuQiLan,17,500,2.7,市一,F,37,再障AA
b6,LiuQiLan,22,500,2.7,市一,F,37,再障AA
b6,LiuQiLan,29,500,2.7,市一,F,37,再障AA
b6,LiuQiLan,31,500,2.7,市一,F,37,再障AA
b6,LiuQiLan,36,1690,3.23,市一,F,37,再障AA
b6,LiuQiLan,37,9180,3.96,市一,F,37,再障AA
b6,LiuQiLan,39,2240,3.35,市一,F,37,再障AA
b6,LiuQiLan,42,932,2.97,市一,F,37,再障AA
b6,LiuQiLan,44,3010,3.48,市一,F,37,再障AA
b6,LiuQiLan,46,1110,3.05,市一,F,37,再障AA
b6,LiuQiLan,49,1210,3.08,市一,F,37,再障AA
b6,LiuQiLan,51,927,2.97,市一,F,37,再障AA
b6,LiuQiLan,53,500,2.7,市一,F,37,再障AA
b6,LiuQiLan,56,500,2.7,市一,F,37,再障AA
b6,LiuQiLan,58,500,2.7,市一,F,37,再障AA
b6,LiuQiLan,60,500,2.7,市一,F,37,再障AA
b6,LiuQiLan,64,500,2.7,市一,F,37,再障AA
b6,LiuQiLan,71,500,2.7,市一,F,37,再障AA
b6,LiuQiLan,78,500,2.7,市一,F,37,再障AA
b6,LiuQiLan,85,500,2.7,市一,F,37,再障AA
b6,LiuQiLan,94,500,2.7,市一,F,37,再障AA
b6,LiuQiLan,98,500,2.7,市一,F,37,再障AA
b6,LiuQiLan,112,500,2.7,市一,F,37,再障AA
b6,LiuQiLan,126,500,2.7,市一,F,37,再障AA
b6,LiuQiLan,128,500,2.7,市一,F,37,再障AA
b6,LiuQiLan,133,500,2.7,市一,F,37,再障AA
b6,LiuQiLan,148,500,2.7,市一,F,37,再障AA
b6,LiuQiLan,163,500,2.7,市一,F,37,再障AA
b6,LiuQiLan,177,500,2.7,市一,F,37,再障AA
b6,LiuQiLan,203,500,2.7,市一,F,37,再障AA
b6,LiuQiLan,231,500,2.7,市一,F,37,再障AA
b6,LiuQiLan,245,500,2.7,市一,F,37,再障AA
b7,ZuoJie,14,500,2.7,市一,F,12,再障AA
b7,ZuoJie,17,500,2.7,市一,F,12,再障AA
b7,ZuoJie,24,500,2.7,市一,F,12,再障AA
b7,ZuoJie,31,500,2.7,市一,F,12,再障AA
b7,ZuoJie,38,2370,3.37,市一,F,12,再障AA
b7,ZuoJie,42,2140,3.33,市一,F,12,再障AA
b7,ZuoJie,44,500,2.7,市一,F,12,再障AA
b7,ZuoJie,47,500,2.7,市一,F,12,再障AA
b7,ZuoJie,59,500,2.7,市一,F,12,再障AA
b7,ZuoJie,73,500,2.7,市一,F,12,再障AA
b7,ZuoJie,81,500,2.7,市一,F,12,再障AA
b7,ZuoJie,87,500,2.7,市一,F,12,再障AA
b7,ZuoJie,91,500,2.7,市一,F,12,再障AA
b7,ZuoJie,109,500,2.7,市一,F,12,再障AA
b7,ZuoJie,122,500,2.7,市一,F,12,再障AA
b7,ZuoJie,136,500,2.7,市一,F,12,再障AA
b7,ZuoJie,151,500,2.7,市一,F,12,再障AA
b7,ZuoJie,165,500,2.7,市一,F,12,再障AA
b7,ZuoJie,179,500,2.7,市一,F,12,再障AA
b8,CaiYuMin,14,500,2.7,市一,F,26,再障AA
b8,CaiYuMin,17,500,2.7,市一,F,26,再障AA
b8,CaiYuMin,21,500,2.7,市一,F,26,再障AA
b8,CaiYuMin,24,500,2.7,市一,F,26,再障AA
b8,CaiYuMin,31,500,2.7,市一,F,26,再障AA
b8,CaiYuMin,36,500,2.7,市一,F,26,再障AA
b8,CaiYuMin,42,6220,3.79,市一,F,26,再障AA
b8,CaiYuMin,45,3890,3.59,市一,F,26,再障AA
b8,CaiYuMin,49,1760,3.25,市一,F,26,再障AA
b8,CaiYuMin,51,1120,3.05,市一,F,26,再障AA
b8,CaiYuMin,53,664,2.82,市一,F,26,再障AA
b8,CaiYuMin,56,500,2.7,市一,F,26,再障AA
b8,CaiYuMin,59,500,2.7,市一,F,26,再障AA
b8,CaiYuMin,63,500,2.7,市一,F,26,再障AA
b8,CaiYuMin,65,500,2.7,市一,F,26,再障AA
b8,CaiYuMin,73,500,2.7,市一,F,26,再障AA
b8,CaiYuMin,80,500,2.7,市一,F,26,再障AA
b8,CaiYuMin,88,500,2.7,市一,F,26,再障AA
b8,CaiYuMin,95,500,2.7,市一,F,26,再障AA
b8,CaiYuMin,115,500,2.7,市一,F,26,再障AA
b8,CaiYuMin,122,500,2.7,市一,F,26,再障AA
b8,CaiYuMin,130,500,2.7,市一,F,26,再障AA
b8,CaiYuMin,144,500,2.7,市一,F,26,再障AA
b8,CaiYuMin,158,500,2.7,市一,F,26,再障AA
b8,CaiYuMin,163,500,2.7,市一,F,26,再障AA
b8,CaiYuMin,178,500,2.7,市一,F,26,再障AA
b8,CaiYuMin,192,500,2.7,市一,F,26,再障AA
b8,CaiYuMin,207,500,2.7,市一,F,26,再障AA
b8,CaiYuMin,221,500,2.7,市一,F,26,再障AA
b8,CaiYuMin,252,500,2.7,市一,F,26,再障AA
b9,JiangZeMin,-7,500,2.7,市一,M,34,再障AA
b9,JiangZeMin,10,500,2.7,市一,M,34,再障AA
b9,JiangZeMin,14,500,2.7,市一,M,34,再障AA
b9,JiangZeMin,17,500,2.7,市一,M,34,再障AA
b9,JiangZeMin,21,500,2.7,市一,M,34,再障AA
b9,JiangZeMin,24,500,2.7,市一,M,34,再障AA
b9,JiangZeMin,32,500,2.7,市一,M,34,再障AA
b9,JiangZeMin,38,500,2.7,市一,M,34,再障AA
b9,JiangZeMin,42,628,2.8,市一,M,34,再障AA
b9,JiangZeMin,44,500,2.7,市一,M,34,再障AA
b9,JiangZeMin,46,500,2.7,市一,M,34,再障AA
b9,JiangZeMin,49,500,2.7,市一,M,34,再障AA
b9,JiangZeMin,52,592,2.77,市一,M,34,再障AA
b9,JiangZeMin,56,500,2.7,市一,M,34,再障AA
b9,JiangZeMin,58,500,2.7,市一,M,34,再障AA
b9,JiangZeMin,66,500,2.7,市一,M,34,再障AA
b9,JiangZeMin,73,500,2.7,市一,M,34,再障AA
b9,JiangZeMin,81,500,2.7,市一,M,34,再障AA
b9,JiangZeMin,115,500,2.7,市一,M,34,再障AA
b9,JiangZeMin,130,500,2.7,市一,M,34,再障AA
b9,JiangZeMin,144,500,2.7,市一,M,34,再障AA
b9,JiangZeMin,158,500,2.7,市一,M,34,再障AA
b9,JiangZeMin,171,500,2.7,市一,M,34,再障AA
b9,JiangZeMin,189,500,2.7,市一,M,34,再障AA
b9,JiangZeMin,210,500,2.7,市一,M,34,再障AA
b9,JiangZeMin,270,500,2.7,市一,M,34,再障AA
b10,MaYanLing,-28,500,2.7,市一,F,38,再障AA
b10,MaYanLing,14,500,2.7,市一,F,38,再障AA
b10,MaYanLing,17,500,2.7,市一,F,38,再障AA
b10,MaYanLing,21,500,2.7,市一,F,38,再障AA
b10,MaYanLing,28,500,2.7,市一,F,38,再障AA
b10,MaYanLing,30,500,2.7,市一,F,38,再障AA
b10,MaYanLing,32,1650,3.22,市一,F,38,再障AA
b10,MaYanLing,35,4260,3.63,市一,F,38,再障AA
b10,MaYanLing,37,1420,3.15,市一,F,38,再障AA
b10,MaYanLing,42,2510,3.4,市一,F,38,再障AA
b10,MaYanLing,44,1940,3.29,市一,F,38,再障AA
b10,MaYanLing,50,500,2.7,市一,F,38,再障AA
b10,MaYanLing,56,500,2.7,市一,F,38,再障AA
b10,MaYanLing,60,500,2.7,市一,F,38,再障AA
b10,MaYanLing,63,500,2.7,市一,F,38,再障AA
b11,WuFangFang,-11,500,2.7,市一,F,46,再障AA
b11,WuFangFang,13,500,2.7,市一,F,46,再障AA
b11,WuFangFang,17,500,2.7,市一,F,46,再障AA
b11,WuFangFang,20,500,2.7,市一,F,46,再障AA
b11,WuFangFang,24,500,2.7,市一,F,46,再障AA
b11,WuFangFang,27,500,2.7,市一,F,46,再障AA
b11,WuFangFang,31,1670,3.22,市一,F,46,再障AA
b11,WuFangFang,34,829,2.92,市一,F,46,再障AA
b11,WuFangFang,38,828,2.92,市一,F,46,再障AA
b11,WuFangFang,40,500,2.7,市一,F,46,再障AA
b11,WuFangFang,45,500,2.7,市一,F,46,再障AA
b11,WuFangFang,54,500,2.7,市一,F,46,再障AA
b11,WuFangFang,63,500,2.7,市一,F,46,再障AA
b11,WuFangFang,68,500,2.7,市一,F,46,再障AA
b11,WuFangFang,76,500,2.7,市一,F,46,再障AA
b11,WuFangFang,80,500,2.7,市一,F,46,再障AA
b11,WuFangFang,88,500,2.7,市一,F,46,再障AA
b11,WuFangFang,94,500,2.7,市一,F,46,再障AA
b11,WuFangFang,103,500,2.7,市一,F,46,再障AA
b11,WuFangFang,112,500,2.7,市一,F,46,再障AA
b11,WuFangFang,115,500,2.7,市一,F,46,再障AA
b11,WuFangFang,152,9240,3.97,市一,F,46,再障AA
b11,WuFangFang,157,2620,3.42,市一,F,46,再障AA
b11,WuFangFang,159,1670,3.22,市一,F,46,再障AA
b11,WuFangFang,162,589,2.77,市一,F,46,再障AA
b11,WuFangFang,164,500,2.7,市一,F,46,再障AA
b11,WuFangFang,166,500,2.7,市一,F,46,再障AA
b11,WuFangFang,168,500,2.7,市一,F,46,再障AA
b11,WuFangFang,171,500,2.7,市一,F,46,再障AA
b11,WuFangFang,173,500,2.7,市一,F,46,再障AA
b11,WuFangFang,178,500,2.7,市一,F,46,再障AA
b11,WuFangFang,180,500,2.7,市一,F,46,再障AA
b11,WuFangFang,182,500,2.7,市一,F,46,再障AA
b11,WuFangFang,185,500,2.7,市一,F,46,再障AA
b11,WuFangFang,187,500,2.7,市一,F,46,再障AA
b11,WuFangFang,192,500,2.7,市一,F,46,再障AA
b11,WuFangFang,194,500,2.7,市一,F,46,再障AA
b11,WuFangFang,196,500,2.7,市一,F,46,再障AA
b12,ZhangRen,10,500,2.7,市一,M,39,再障AA
b12,ZhangRen,13,500,2.7,市一,M,39,再障AA
b12,ZhangRen,17,500,2.7,市一,M,39,再障AA
b12,ZhangRen,20,500,2.7,市一,M,39,再障AA
b12,ZhangRen,24,500,2.7,市一,M,39,再障AA
b12,ZhangRen,27,500,2.7,市一,M,39,再障AA
b12,ZhangRen,35,500,2.7,市一,M,39,再障AA
b12,ZhangRen,42,500,2.7,市一,M,39,再障AA
b12,ZhangRen,45,722,2.86,市一,M,39,再障AA
b12,ZhangRen,47,500,2.7,市一,M,39,再障AA
b12,ZhangRen,55,500,2.7,市一,M,39,再障AA
b12,ZhangRen,60,500,2.7,市一,M,39,再障AA
b12,ZhangRen,63,500,2.7,市一,M,39,再障AA
b12,ZhangRen,66,500,2.7,市一,M,39,再障AA
b12,ZhangRen,73,500,2.7,市一,M,39,再障AA
b12,ZhangRen,76,500,2.7,市一,M,39,再障AA
b12,ZhangRen,80,500,2.7,市一,M,39,再障AA
b12,ZhangRen,88,500,2.7,市一,M,39,再障AA
b12,ZhangRen,90,500,2.7,市一,M,39,再障AA
b12,ZhangRen,94,500,2.7,市一,M,39,再障AA
b12,ZhangRen,97,500,2.7,市一,M,39,再障AA
b12,ZhangRen,108,500,2.7,市一,M,39,再障AA
b12,ZhangRen,110,500,2.7,市一,M,39,再障AA
b12,ZhangRen,180,500,2.7,市一,M,39,再障AA
b12,ZhangRen,206,500,2.7,市一,M,39,再障AA
b12,ZhangRen,234,500,2.7,市一,M,39,再障AA
b13,LiangGuiFeng,10,500,2.7,市一,F,38,再障AA
b13,LiangGuiFeng,13,500,2.7,市一,F,38,再障AA
b13,LiangGuiFeng,17,500,2.7,市一,F,38,再障AA
b13,LiangGuiFeng,20,500,2.7,市一,F,38,再障AA
b13,LiangGuiFeng,32,500,2.7,市一,F,38,再障AA
b13,LiangGuiFeng,41,8350,3.92,市一,F,38,再障AA
b13,LiangGuiFeng,45,2110,3.32,市一,F,38,再障AA
b13,LiangGuiFeng,47,1650,3.22,市一,F,38,再障AA
b13,LiangGuiFeng,49,942,2.97,市一,F,38,再障AA
b13,LiangGuiFeng,52,1610,3.21,市一,F,38,再障AA
b13,LiangGuiFeng,54,500,2.7,市一,F,38,再障AA
b13,LiangGuiFeng,62,500,2.7,市一,F,38,再障AA
b13,LiangGuiFeng,70,500,2.7,市一,F,38,再障AA
b13,LiangGuiFeng,77,500,2.7,市一,F,38,再障AA
b13,LiangGuiFeng,83,500,2.7,市一,F,38,再障AA
b13,LiangGuiFeng,90,500,2.7,市一,F,38,再障AA
b13,LiangGuiFeng,97,500,2.7,市一,F,38,再障AA
b13,LiangGuiFeng,112,500,2.7,市一,F,38,再障AA
b13,LiangGuiFeng,133,549,2.74,市一,F,38,再障AA
b13,LiangGuiFeng,140,500,2.7,市一,F,38,再障AA
b13,LiangGuiFeng,154,500,2.7,市一,F,38,再障AA
b13,LiangGuiFeng,167,500,2.7,市一,F,38,再障AA
b13,LiangGuiFeng,192,500,2.7,市一,F,38,再障AA
b13,LiangGuiFeng,227,500,2.7,市一,F,38,再障AA
b14,LiJiaYong,14,500,2.7,市一,M,38,再障AA
b14,LiJiaYong,18,500,2.7,市一,M,38,再障AA
b14,LiJiaYong,20,500,2.7,市一,M,38,再障AA
b14,LiJiaYong,22,500,2.7,市一,M,38,再障AA
b14,LiJiaYong,27,500,2.7,市一,M,38,再障AA
b14,LiJiaYong,34,641,2.81,市一,M,38,再障AA
b14,LiJiaYong,43,1210,3.08,市一,M,38,再障AA
b14,LiJiaYong,47,882,2.95,市一,M,38,再障AA
b14,LiJiaYong,53,1350,3.13,市一,M,38,再障AA
b14,LiJiaYong,56,500,2.7,市一,M,38,再障AA
b14,LiJiaYong,61,500,2.7,市一,M,38,再障AA
b14,LiJiaYong,70,500,2.7,市一,M,38,再障AA
b14,LiJiaYong,78,500,2.7,市一,M,38,再障AA
b14,LiJiaYong,84,500,2.7,市一,M,38,再障AA
b14,LiJiaYong,92,500,2.7,市一,M,38,再障AA
b14,LiJiaYong,98,500,2.7,市一,M,38,再障AA
b14,LiJiaYong,106,500,2.7,市一,M,38,再障AA
b14,LiJiaYong,113,500,2.7,市一,M,38,再障AA
b14,LiJiaYong,119,600,2.78,市一,M,38,再障AA
b14,LiJiaYong,126,500,2.7,市一,M,38,再障AA
b14,LiJiaYong,140,500,2.7,市一,M,38,再障AA
b14,LiJiaYong,151,500,2.7,市一,M,38,再障AA
b14,LiJiaYong,153,500,2.7,市一,M,38,再障AA
b14,LiJiaYong,158,500,2.7,市一,M,38,再障AA
b14,LiJiaYong,160,500,2.7,市一,M,38,再障AA
b14,LiJiaYong,162,500,2.7,市一,M,38,再障AA
b14,LiJiaYong,176,500,2.7,市一,M,38,再障AA
b14,LiJiaYong,216,500,2.7,市一,M,38,再障AA
b14,LiJiaYong,266,500,2.7,市一,M,38,再障AA
b14,LiJiaYong,275,500,2.7,市一,M,38,再障AA
b14,LiJiaYong,312,500,2.7,市一,M,38,再障AA
b14,LiJiaYong,363,500,2.7,市一,M,38,再障AA
b15,HuangXiangMing,20,500,2.7,市一,M,47,再障AA
b15,HuangXiangMing,29,500,2.7,市一,M,47,再障AA
b15,HuangXiangMing,36,500,2.7,市一,M,47,再障AA
b15,HuangXiangMing,42,500,2.7,市一,M,47,再障AA
b15,HuangXiangMing,50,534,2.73,市一,M,47,再障AA
b15,HuangXiangMing,55,647,2.81,市一,M,47,再障AA
b15,HuangXiangMing,58,500,2.7,市一,M,47,再障AA
b15,HuangXiangMing,59,500,2.7,市一,M,47,再障AA
b15,HuangXiangMing,62,500,2.7,市一,M,47,再障AA
b15,HuangXiangMing,69,500,2.7,市一,M,47,再障AA
b15,HuangXiangMing,76,500,2.7,市一,M,47,再障AA
b15,HuangXiangMing,83,696,2.84,市一,M,47,再障AA
b15,HuangXiangMing,94,4940,3.69,市一,M,47,再障AA
b15,HuangXiangMing,97,14700,4.17,市一,M,47,再障AA
b15,HuangXiangMing,99,5590,3.75,市一,M,47,再障AA
b15,HuangXiangMing,101,3410,3.53,市一,M,47,再障AA
b15,HuangXiangMing,104,696,2.84,市一,M,47,再障AA
b15,HuangXiangMing,106,500,2.7,市一,M,47,再障AA
b15,HuangXiangMing,108,500,2.7,市一,M,47,再障AA
b15,HuangXiangMing,112,1020,3.01,市一,M,47,再障AA
b15,HuangXiangMing,114,500,2.7,市一,M,47,再障AA
b15,HuangXiangMing,118,500,2.7,市一,M,47,再障AA
b15,HuangXiangMing,121,500,2.7,市一,M,47,再障AA
b15,HuangXiangMing,122,500,2.7,市一,M,47,再障AA
b15,HuangXiangMing,125,500,2.7,市一,M,47,再障AA
b15,HuangXiangMing,127,500,2.7,市一,M,47,再障AA
b15,HuangXiangMing,132,500,2.7,市一,M,47,再障AA
b15,HuangXiangMing,134,500,2.7,市一,M,47,再障AA
b15,HuangXiangMing,140,500,2.7,市一,M,47,再障AA
b15,HuangXiangMing,147,500,2.7,市一,M,47,再障AA
b15,HuangXiangMing,154,500,2.7,市一,M,47,再障AA
b15,HuangXiangMing,164,500,2.7,市一,M,47,再障AA
b15,HuangXiangMing,168,500,2.7,市一,M,47,再障AA
b15,HuangXiangMing,175,758,2.88,市一,M,47,再障AA
b15,HuangXiangMing,178,500,2.7,市一,M,47,再障AA
b15,HuangXiangMing,181,669,2.83,市一,M,47,再障AA
b15,HuangXiangMing,185,3020,3.48,市一,M,47,再障AA
b15,HuangXiangMing,188,7780,3.89,市一,M,47,再障AA
b15,HuangXiangMing,190,1660,3.22,市一,M,47,再障AA
b15,HuangXiangMing,192,2960,3.47,市一,M,47,再障AA
b15,HuangXiangMing,211,625,2.8,市一,M,47,再障AA
b15,HuangXiangMing,213,1080,3.03,市一,M,47,再障AA
b15,HuangXiangMing,216,1130,3.05,市一,M,47,再障AA
b15,HuangXiangMing,219,827,2.92,市一,M,47,再障AA
b15,HuangXiangMing,223,1010,3,市一,M,47,再障AA
b15,HuangXiangMing,226,3080,3.49,市一,M,47,再障AA
b15,HuangXiangMing,231,2790,3.45,市一,M,47,再障AA
b15,HuangXiangMing,233,2420,3.38,市一,M,47,再障AA
b15,HuangXiangMing,237,3890,3.59,市一,M,47,再障AA
b15,HuangXiangMing,240,2240,3.35,市一,M,47,再障AA
b15,HuangXiangMing,246,1550,3.19,市一,M,47,再障AA
b15,HuangXiangMing,251,500,2.7,市一,M,47,再障AA
b15,HuangXiangMing,255,500,2.7,市一,M,47,再障AA
b15,HuangXiangMing,260,500,2.7,市一,M,47,再障AA
b15,HuangXiangMing,264,688,2.84,市一,M,47,再障AA
b15,HuangXiangMing,265,6900,3.84,市一,M,47,再障AA
b15,HuangXiangMing,269,9420,3.97,市一,M,47,再障AA
b15,HuangXiangMing,273,7250,3.86,市一,M,47,再障AA
b15,HuangXiangMing,279,2960,3.47,市一,M,47,再障AA
b15,HuangXiangMing,283,8090,3.91,市一,M,47,再障AA
b15,HuangXiangMing,286,7270,3.86,市一,M,47,再障AA
b15,HuangXiangMing,307,1040,3.02,市一,M,47,再障AA
b15,HuangXiangMing,310,500,2.7,市一,M,47,再障AA
b15,HuangXiangMing,314,2880,3.46,市一,M,47,再障AA
b15,HuangXiangMing,316,1130,3.05,市一,M,47,再障AA
b15,HuangXiangMing,332,2290,3.36,市一,M,47,再障AA
b15,HuangXiangMing,335,2340,3.37,市一,M,47,再障AA
b15,HuangXiangMing,337,1750,3.24,市一,M,47,再障AA
b15,HuangXiangMing,358,500,2.7,市一,M,47,再障AA
b15,HuangXiangMing,360,500,2.7,市一,M,47,再障AA
b15,HuangXiangMing,363,500,2.7,市一,M,47,再障AA
b15,HuangXiangMing,379,500,2.7,市一,M,47,再障AA
b15,HuangXiangMing,398,500,2.7,市一,M,47,再障AA
b15,HuangXiangMing,400,29000,4.46,市一,M,47,再障AA
b15,HuangXiangMing,421,500,2.7,市一,M,47,再障AA
b15,HuangXiangMing,435,500,2.7,市一,M,47,再障AA
b16,ChenDongMing,17,500,2.7,市一,M,17,再障AA
b16,ChenDongMing,25,500,2.7,市一,M,17,再障AA
b16,ChenDongMing,60,500,2.7,市一,M,17,再障AA
b16,ChenDongMing,73,500,2.7,市一,M,17,再障AA
b16,ChenDongMing,122,500,2.7,市一,M,17,再障AA
b16,ChenDongMing,129,500,2.7,市一,M,17,再障AA
b16,ChenDongMing,143,500,2.7,市一,M,17,再障AA
b16,ChenDongMing,165,500,2.7,市一,M,17,再障AA
b16,ChenDongMing,185,500,2.7,市一,M,17,再障AA
b16,ChenDongMing,200,500,2.7,市一,M,17,再障AA
b16,ChenDongMing,214,500,2.7,市一,M,17,再障AA
b16,ChenDongMing,235,500,2.7,市一,M,17,再障AA
b16,ChenDongMing,262,500,2.7,市一,M,17,再障AA
b17,ZhanQiuYi,16,500,2.7,市一,F,19,再障AA
b17,ZhanQiuYi,20,500,2.7,市一,F,19,再障AA
b17,ZhanQiuYi,23,500,2.7,市一,F,19,再障AA
b17,ZhanQiuYi,39,1020,3.01,市一,F,19,再障AA
b17,ZhanQiuYi,67,500,2.7,市一,F,19,再障AA
b17,ZhanQiuYi,74,500,2.7,市一,F,19,再障AA
b17,ZhanQiuYi,81,500,2.7,市一,F,19,再障AA
b17,ZhanQiuYi,88,500,2.7,市一,F,19,再障AA
b17,ZhanQiuYi,90,500,2.7,市一,F,19,再障AA
b17,ZhanQiuYi,93,500,2.7,市一,F,19,再障AA
b17,ZhanQiuYi,104,500,2.7,市一,F,19,再障AA
b17,ZhanQiuYi,107,2600,3.41,市一,F,19,再障AA
b17,ZhanQiuYi,109,581,2.76,市一,F,19,再障AA
b17,ZhanQiuYi,111,516,2.71,市一,F,19,再障AA
b17,ZhanQiuYi,114,617,2.79,市一,F,19,再障AA
b17,ZhanQiuYi,116,500,2.7,市一,F,19,再障AA
b17,ZhanQiuYi,118,500,2.7,市一,F,19,再障AA
b17,ZhanQiuYi,121,500,2.7,市一,F,19,再障AA
b17,ZhanQiuYi,128,500,2.7,市一,F,19,再障AA
b17,ZhanQiuYi,137,2820,3.45,市一,F,19,再障AA
b18,LiJieHua,9,500,2.7,市一,F,28,再障AA
b18,LiJieHua,16,500,2.7,市一,F,28,再障AA
b18,LiJieHua,19,500,2.7,市一,F,28,再障AA
b18,LiJieHua,22,500,2.7,市一,F,28,再障AA
b18,LiJieHua,26,500,2.7,市一,F,28,再障AA
b18,LiJieHua,34,500,2.7,市一,F,28,再障AA
b18,LiJieHua,36,500,2.7,市一,F,28,再障AA
b18,LiJieHua,49,908,2.96,市一,F,28,再障AA
b18,LiJieHua,56,500,2.7,市一,F,28,再障AA
b18,LiJieHua,58,1120,3.05,市一,F,28,再障AA
b18,LiJieHua,61,500,2.7,市一,F,28,再障AA
b18,LiJieHua,63,500,2.7,市一,F,28,再障AA
b18,LiJieHua,67,1280,3.11,市一,F,28,再障AA
b18,LiJieHua,68,2200,3.34,市一,F,28,再障AA
b18,LiJieHua,70,500,2.7,市一,F,28,再障AA
b18,LiJieHua,72,500,2.7,市一,F,28,再障AA
b18,LiJieHua,76,500,2.7,市一,F,28,再障AA
b18,LiJieHua,77,500,2.7,市一,F,28,再障AA
b18,LiJieHua,84,500,2.7,市一,F,28,再障AA
b18,LiJieHua,91,500,2.7,市一,F,28,再障AA
b18,LiJieHua,98,500,2.7,市一,F,28,再障AA
b18,LiJieHua,105,500,2.7,市一,F,28,再障AA
b18,LiJieHua,112,500,2.7,市一,F,28,再障AA
b18,LiJieHua,119,500,2.7,市一,F,28,再障AA
b18,LiJieHua,177,500,2.7,市一,F,28,再障AA
b19,ZhangJingYi,10,500,2.7,市一,F,14,再障AA
b19,ZhangJingYi,14,500,2.7,市一,F,14,再障AA
b19,ZhangJingYi,17,500,2.7,市一,F,14,再障AA
b19,ZhangJingYi,25,500,2.7,市一,F,14,再障AA
b19,ZhangJingYi,31,1070,3.03,市一,F,14,再障AA
b19,ZhangJingYi,35,1160,3.06,市一,F,14,再障AA
b19,ZhangJingYi,37,500,2.7,市一,F,14,再障AA
b19,ZhangJingYi,43,1370,3.14,市一,F,14,再障AA
b19,ZhangJingYi,46,500,2.7,市一,F,14,再障AA
b19,ZhangJingYi,49,500,2.7,市一,F,14,再障AA
b19,ZhangJingYi,59,500,2.7,市一,F,14,再障AA
b19,ZhangJingYi,66,500,2.7,市一,F,14,再障AA
b19,ZhangJingYi,73,500,2.7,市一,F,14,再障AA
b19,ZhangJingYi,80,500,2.7,市一,F,14,再障AA
b19,ZhangJingYi,88,500,2.7,市一,F,14,再障AA
b19,ZhangJingYi,91,500,2.7,市一,F,14,再障AA
b19,ZhangJingYi,114,500,2.7,市一,F,14,再障AA
b19,ZhangJingYi,133,500,2.7,市一,F,14,再障AA
b19,ZhangJingYi,142,500,2.7,市一,F,14,再障AA
b19,ZhangJingYi,156,500,2.7,市一,F,14,再障AA
b20,CaoShiJiao,-9,500,2.7,市一,F,45,再障AA
b20,CaoShiJiao,17,500,2.7,市一,F,45,再障AA
b20,CaoShiJiao,19,500,2.7,市一,F,45,再障AA
b20,CaoShiJiao,25,500,2.7,市一,F,45,再障AA
b20,CaoShiJiao,28,500,2.7,市一,F,45,再障AA
b20,CaoShiJiao,31,500,2.7,市一,F,45,再障AA
b20,CaoShiJiao,35,500,2.7,市一,F,45,再障AA
b20,CaoShiJiao,38,528,2.72,市一,F,45,再障AA
b20,CaoShiJiao,41,502,2.7,市一,F,45,再障AA
b20,CaoShiJiao,45,738,2.87,市一,F,45,再障AA
b20,CaoShiJiao,48,1820,3.26,市一,F,45,再障AA
b20,CaoShiJiao,53,500,2.7,市一,F,45,再障AA
b20,CaoShiJiao,66,500,2.7,市一,F,45,再障AA
b20,CaoShiJiao,101,500,2.7,市一,F,45,再障AA
b20,CaoShiJiao,103,500,2.7,市一,F,45,再障AA
b20,CaoShiJiao,143,500,2.7,市一,F,45,再障AA
b20,CaoShiJiao,262,500,2.7,市一,F,45,再障AA
b21,LeiZi,-14,500,2.7,市一,F,22,再障AA
b21,LeiZi,14,500,2.7,市一,F,22,再障AA
b21,LeiZi,17,500,2.7,市一,F,22,再障AA
b21,LeiZi,25,500,2.7,市一,F,22,再障AA
b21,LeiZi,31,500,2.7,市一,F,22,再障AA
b21,LeiZi,39,500,2.7,市一,F,22,再障AA
b21,LeiZi,45,500,2.7,市一,F,22,再障AA
b21,LeiZi,50,500,2.7,市一,F,22,再障AA
b21,LeiZi,53,500,2.7,市一,F,22,再障AA
b21,LeiZi,56,500,2.7,市一,F,22,再障AA
b21,LeiZi,58,500,2.7,市一,F,22,再障AA
b21,LeiZi,60,500,2.7,市一,F,22,再障AA
b21,LeiZi,63,500,2.7,市一,F,22,再障AA
b21,LeiZi,66,500,2.7,市一,F,22,再障AA
b21,LeiZi,74,500,2.7,市一,F,22,再障AA
b21,LeiZi,81,500,2.7,市一,F,22,再障AA
b21,LeiZi,84,500,2.7,市一,F,22,再障AA
b21,LeiZi,137,500,2.7,市一,F,22,再障AA
b21,LeiZi,144,500,2.7,市一,F,22,再障AA
b21,LeiZi,154,500,2.7,市一,F,22,再障AA
b21,LeiZi,184,500,2.7,市一,F,22,再障AA
b21,LeiZi,217,500,2.7,市一,F,22,再障AA
b22,ZhouGuoHui,16,500,2.7,市一,M,20,再障AA
b22,ZhouGuoHui,20,500,2.7,市一,M,20,再障AA
b22,ZhouGuoHui,31,2000,3.3,市一,M,20,再障AA
b22,ZhouGuoHui,34,2140,3.33,市一,M,20,再障AA
b22,ZhouGuoHui,36,1770,3.25,市一,M,20,再障AA
b22,ZhouGuoHui,38,1360,3.13,市一,M,20,再障AA
b22,ZhouGuoHui,41,2730,3.44,市一,M,20,再障AA
b22,ZhouGuoHui,44,1820,3.26,市一,M,20,再障AA
b22,ZhouGuoHui,48,500,2.7,市一,M,20,再障AA
b22,ZhouGuoHui,51,500,2.7,市一,M,20,再障AA
b22,ZhouGuoHui,62,500,2.7,市一,M,20,再障AA
b22,ZhouGuoHui,73,500,2.7,市一,M,20,再障AA
b22,ZhouGuoHui,80,500,2.7,市一,M,20,再障AA
b22,ZhouGuoHui,85,500,2.7,市一,M,20,再障AA
b22,ZhouGuoHui,90,500,2.7,市一,M,20,再障AA
b22,ZhouGuoHui,104,500,2.7,市一,M,20,再障AA
b22,ZhouGuoHui,118,500,2.7,市一,M,20,再障AA
b22,ZhouGuoHui,132,500,2.7,市一,M,20,再障AA
b22,ZhouGuoHui,153,500,2.7,市一,M,20,再障AA
b23,SunJianHua,12,500,2.7,市一,M,24,再障AA
b23,SunJianHua,15,500,2.7,市一,M,24,再障AA
b23,SunJianHua,20,500,2.7,市一,M,24,再障AA
b23,SunJianHua,23,500,2.7,市一,M,24,再障AA
b23,SunJianHua,26,500,2.7,市一,M,24,再障AA
b23,SunJianHua,30,500,2.7,市一,M,24,再障AA
b23,SunJianHua,33,500,2.7,市一,M,24,再障AA
b23,SunJianHua,43,616,2.79,市一,M,24,再障AA
b23,SunJianHua,48,500,2.7,市一,M,24,再障AA
b23,SunJianHua,54,500,2.7,市一,M,24,再障AA
b23,SunJianHua,63,500,2.7,市一,M,24,再障AA
b23,SunJianHua,68,500,2.7,市一,M,24,再障AA
b23,SunJianHua,70,500,2.7,市一,M,24,再障AA
b23,SunJianHua,75,500,2.7,市一,M,24,再障AA
b23,SunJianHua,82,500,2.7,市一,M,24,再障AA
b24,ZhengZhongXian,13,500,2.7,市一,M,54,再障AA
b24,ZhengZhongXian,19,500,2.7,市一,M,54,再障AA
b24,ZhengZhongXian,24,500,2.7,市一,M,54,再障AA
b24,ZhengZhongXian,28,500,2.7,市一,M,54,再障AA
b24,ZhengZhongXian,33,500,2.7,市一,M,54,再障AA
b24,ZhengZhongXian,40,3130,3.5,市一,M,54,再障AA
b24,ZhengZhongXian,42,5230,3.72,市一,M,54,再障AA
b24,ZhengZhongXian,46,1630,3.21,市一,M,54,再障AA
b24,ZhengZhongXian,49,1450,3.16,市一,M,54,再障AA
b24,ZhengZhongXian,52,1010,3,市一,M,54,再障AA
b24,ZhengZhongXian,54,1760,3.25,市一,M,54,再障AA
b24,ZhengZhongXian,56,500,2.7,市一,M,54,再障AA
b24,ZhengZhongXian,59,500,2.7,市一,M,54,再障AA
b24,ZhengZhongXian,61,500,2.7,市一,M,54,再障AA
b24,ZhengZhongXian,68,500,2.7,市一,M,54,再障AA
b24,ZhengZhongXian,75,500,2.7,市一,M,54,再障AA
b24,ZhengZhongXian,89,500,2.7,市一,M,54,再障AA
b24,ZhengZhongXian,98,500,2.7,市一,M,54,再障AA
b24,ZhengZhongXian,110,500,2.7,市一,M,54,再障AA
b24,ZhengZhongXian,115,500,2.7,市一,M,54,再障AA
b24,ZhengZhongXian,145,500,2.7,市一,M,54,再障AA
b25,CaiJianChao,9,500,2.7,市一,M,21,再障AA
b25,CaiJianChao,12,500,2.7,市一,M,21,再障AA
b25,CaiJianChao,17,500,2.7,市一,M,21,再障AA
b25,CaiJianChao,23,500,2.7,市一,M,21,再障AA
b25,CaiJianChao,30,500,2.7,市一,M,21,再障AA
b25,CaiJianChao,37,500,2.7,市一,M,21,再障AA
b25,CaiJianChao,45,500,2.7,市一,M,21,再障AA
b25,CaiJianChao,51,500,2.7,市一,M,21,再障AA
b25,CaiJianChao,60,500,2.7,市一,M,21,再障AA
b25,CaiJianChao,65,500,2.7,市一,M,21,再障AA
b25,CaiJianChao,74,500,2.7,市一,M,21,再障AA
b25,CaiJianChao,79,49200,4.69,市一,M,21,再障AA
b25,CaiJianChao,83,500,2.7,市一,M,21,再障AA
b25,CaiJianChao,93,500,2.7,市一,M,21,再障AA
b25,CaiJianChao,95,500,2.7,市一,M,21,再障AA
b25,CaiJianChao,107,500,2.7,市一,M,21,再障AA
b25,CaiJianChao,123,500,2.7,市一,M,21,再障AA
b25,CaiJianChao,135,500,2.7,市一,M,21,再障AA
b26,HuangRongYi,14,500,2.7,市一,F,15,再障AA
b26,HuangRongYi,17,500,2.7,市一,F,15,再障AA
b26,HuangRongYi,21,500,2.7,市一,F,15,再障AA
b26,HuangRongYi,24,500,2.7,市一,F,15,再障AA
b26,HuangRongYi,31,500,2.7,市一,F,15,再障AA
b26,HuangRongYi,41,500,2.7,市一,F,15,再障AA
b26,HuangRongYi,48,942,2.97,市一,F,15,再障AA
b26,HuangRongYi,54,500,2.7,市一,F,15,再障AA
b26,HuangRongYi,56,500,2.7,市一,F,15,再障AA
b26,HuangRongYi,59,500,2.7,市一,F,15,再障AA
b26,HuangRongYi,61,500,2.7,市一,F,15,再障AA
b26,HuangRongYi,68,500,2.7,市一,F,15,再障AA
b26,HuangRongYi,75,500,2.7,市一,F,15,再障AA
b26,HuangRongYi,82,500,2.7,市一,F,15,再障AA
b26,HuangRongYi,96,500,2.7,市一,F,15,再障AA
b26,HuangRongYi,103,500,2.7,市一,F,15,再障AA
b26,HuangRongYi,110,500,2.7,市一,F,15,再障AA
b26,HuangRongYi,124,500,2.7,市一,F,15,再障AA
b26,HuangRongYi,138,500,2.7,市一,F,15,再障AA
b27,ChenShuQun,10,500,2.7,市一,F,31,再障AA
b27,ChenShuQun,14,500,2.7,市一,F,31,再障AA
b27,ChenShuQun,23,500,2.7,市一,F,31,再障AA
b27,ChenShuQun,28,500,2.7,市一,F,31,再障AA
b27,ChenShuQun,37,500,2.7,市一,F,31,再障AA
b27,ChenShuQun,42,3440,3.54,市一,F,31,再障AA
b27,ChenShuQun,46,3480,3.54,市一,F,31,再障AA
b27,ChenShuQun,50,2400,3.38,市一,F,31,再障AA
b27,ChenShuQun,53,2360,3.37,市一,F,31,再障AA
b27,ChenShuQun,65,500,2.7,市一,F,31,再障AA
b27,ChenShuQun,72,500,2.7,市一,F,31,再障AA
b27,ChenShuQun,79,500,2.7,市一,F,31,再障AA
b27,ChenShuQun,86,500,2.7,市一,F,31,再障AA
b27,ChenShuQun,93,500,2.7,市一,F,31,再障AA
b27,ChenShuQun,95,500,2.7,市一,F,31,再障AA
b28,XianLiLi,2,500,2.7,市一,F,22,再障AA
b28,XianLiLi,20,500,2.7,市一,F,22,再障AA
b28,XianLiLi,22,500,2.7,市一,F,22,再障AA
b28,XianLiLi,26,500,2.7,市一,F,22,再障AA
b28,XianLiLi,33,500,2.7,市一,F,22,再障AA
b28,XianLiLi,35,968,2.99,市一,F,22,再障AA
b28,XianLiLi,44,12500,4.1,市一,F,22,再障AA
b28,XianLiLi,47,26900,4.43,市一,F,22,再障AA
b28,XianLiLi,49,1870,3.27,市一,F,22,再障AA
b28,XianLiLi,53,2900,3.46,市一,F,22,再障AA
b28,XianLiLi,54,2460,3.39,市一,F,22,再障AA
b28,XianLiLi,56,500,2.7,市一,F,22,再障AA
b28,XianLiLi,58,500,2.7,市一,F,22,再障AA
b28,XianLiLi,62,500,2.7,市一,F,22,再障AA
b28,XianLiLi,72,500,2.7,市一,F,22,再障AA
b28,XianLiLi,79,500,2.7,市一,F,22,再障AA
b28,XianLiLi,85,503,2.7,市一,F,22,再障AA
b28,XianLiLi,91,500,2.7,市一,F,22,再障AA
b28,XianLiLi,112,500,2.7,市一,F,22,再障AA
b28,XianLiLi,114,500,2.7,市一,F,22,再障AA
b28,XianLiLi,187,500,2.7,市一,F,22,再障AA
b28,XianLiLi,189,500,2.7,市一,F,22,再障AA
b28,XianLiLi,201,500,2.7,市一,F,22,再障AA
b29,ZhangBiSheng,20,500,2.7,市一,M,38,再障AA
b29,ZhangBiSheng,28,500,2.7,市一,M,38,再障AA
b29,ZhangBiSheng,34,500,2.7,市一,M,38,再障AA
b29,ZhangBiSheng,41,3040,3.48,市一,M,38,再障AA
b29,ZhangBiSheng,69,500,2.7,市一,M,38,再障AA
b29,ZhangBiSheng,76,500,2.7,市一,M,38,再障AA
b29,ZhangBiSheng,83,500,2.7,市一,M,38,再障AA
b29,ZhangBiSheng,97,500,2.7,市一,M,38,再障AA
b29,ZhangBiSheng,111,500,2.7,市一,M,38,再障AA
b29,ZhangBiSheng,126,500,2.7,市一,M,38,再障AA
b29,ZhangBiSheng,143,500,2.7,市一,M,38,再障AA
b29,ZhangBiSheng,153,500,2.7,市一,M,38,再障AA
b29,ZhangBiSheng,168,500,2.7,市一,M,38,再障AA
b29,ZhangBiSheng,182,500,2.7,市一,M,38,再障AA
b29,ZhangBiSheng,216,500,2.7,市一,M,38,再障AA
b30,ZhuYongChuan,14,500,2.7,市一,M,37,再障AA
b30,ZhuYongChuan,19,500,2.7,市一,M,37,再障AA
b30,ZhuYongChuan,28,500,2.7,市一,M,37,再障AA
b30,ZhuYongChuan,36,500,2.7,市一,M,37,再障AA
b30,ZhuYongChuan,41,500,2.7,市一,M,37,再障AA
b30,ZhuYongChuan,48,1690,3.23,市一,M,37,再障AA
b30,ZhuYongChuan,52,8790,3.94,市一,M,37,再障AA
b30,ZhuYongChuan,53,2000,3.3,市一,M,37,再障AA
b30,ZhuYongChuan,55,4000,3.6,市一,M,37,再障AA
b30,ZhuYongChuan,57,4120,3.61,市一,M,37,再障AA
b30,ZhuYongChuan,61,1350,3.13,市一,M,37,再障AA
b30,ZhuYongChuan,62,1660,3.22,市一,M,37,再障AA
b30,ZhuYongChuan,64,518,2.71,市一,M,37,再障AA
b30,ZhuYongChuan,76,500,2.7,市一,M,37,再障AA
b30,ZhuYongChuan,83,500,2.7,市一,M,37,再障AA
b30,ZhuYongChuan,91,500,2.7,市一,M,37,再障AA
b30,ZhuYongChuan,97,500,2.7,市一,M,37,再障AA
b30,ZhuYongChuan,104,500,2.7,市一,M,37,再障AA
b30,ZhuYongChuan,111,500,2.7,市一,M,37,再障AA
b30,ZhuYongChuan,118,500,2.7,市一,M,37,再障AA
b30,ZhuYongChuan,125,500,2.7,市一,M,37,再障AA
b30,ZhuYongChuan,132,500,2.7,市一,M,37,再障AA
b30,ZhuYongChuan,139,887,2.95,市一,M,37,再障AA
b30,ZhuYongChuan,153,500,2.7,市一,M,37,再障AA
b30,ZhuYongChuan,160,500,2.7,市一,M,37,再障AA
b30,ZhuYongChuan,167,500,2.7,市一,M,37,再障AA
b30,ZhuYongChuan,174,500,2.7,市一,M,37,再障AA
b30,ZhuYongChuan,188,500,2.7,市一,M,37,再障AA
b30,ZhuYongChuan,195,500,2.7,市一,M,37,再障AA
b31,DouGuiQing,-8,500,2.7,市一,F,46,再障AA
b31,DouGuiQing,23,500,2.7,市一,F,46,再障AA
b31,DouGuiQing,36,500,2.7,市一,F,46,再障AA
b31,DouGuiQing,43,500,2.7,市一,F,46,再障AA
b31,DouGuiQing,50,500,2.7,市一,F,46,再障AA
b31,DouGuiQing,57,500,2.7,市一,F,46,再障AA
b31,DouGuiQing,64,500,2.7,市一,F,46,再障AA
b31,DouGuiQing,78,500,2.7,市一,F,46,再障AA
b31,DouGuiQing,85,500,2.7,市一,F,46,再障AA
b31,DouGuiQing,92,500,2.7,市一,F,46,再障AA
b31,DouGuiQing,113,500,2.7,市一,F,46,再障AA
b32,HuangDongHao,9,500,2.7,市一,M,26,再障AA
b32,HuangDongHao,13,500,2.7,市一,M,26,再障AA
b32,HuangDongHao,17,500,2.7,市一,M,26,再障AA
b32,HuangDongHao,20,500,2.7,市一,M,26,再障AA
b32,HuangDongHao,22,500,2.7,市一,M,26,再障AA
b32,HuangDongHao,27,500,2.7,市一,M,26,再障AA
b32,HuangDongHao,43,500,2.7,市一,M,26,再障AA
b32,HuangDongHao,49,500,2.7,市一,M,26,再障AA
b32,HuangDongHao,56,500,2.7,市一,M,26,再障AA
b32,HuangDongHao,70,500,2.7,市一,M,26,再障AA
b32,HuangDongHao,84,500,2.7,市一,M,26,再障AA
b32,HuangDongHao,90,500,2.7,市一,M,26,再障AA
b32,HuangDongHao,92,500,2.7,市一,M,26,再障AA
b32,HuangDongHao,113,500,2.7,市一,M,26,再障AA
b32,HuangDongHao,140,500,2.7,市一,M,26,再障AA
b32,HuangDongHao,167,500,2.7,市一,M,26,再障AA
b32,HuangDongHao,181,500,2.7,市一,M,26,再障AA
b32,HuangDongHao,202,500,2.7,市一,M,26,再障AA
b32,HuangDongHao,234,500,2.7,市一,M,26,再障AA
b32,HuangDongHao,237,500,2.7,市一,M,26,再障AA
b32,HuangDongHao,315,500,2.7,市一,M,26,再障AA
b32,HuangDongHao,328,500,2.7,市一,M,26,再障AA
b32,HuangDongHao,344,500,2.7,市一,M,26,再障AA
b32,HuangDongHao,349,500,2.7,市一,M,26,再障AA
b32,HuangDongHao,363,500,2.7,市一,M,26,再障AA
b32,HuangDongHao,426,500,2.7,市一,M,26,再障AA
b32,HuangDongHao,433,500,2.7,市一,M,26,再障AA
b32,HuangDongHao,454,500,2.7,市一,M,26,再障AA
b33,MoWeiZhi,17,500,2.7,市一,F,32,再障AA
b33,MoWeiZhi,25,500,2.7,市一,F,32,再障AA
b33,MoWeiZhi,30,500,2.7,市一,F,32,再障AA
b33,MoWeiZhi,34,500,2.7,市一,F,32,再障AA
b33,MoWeiZhi,36,1740,3.24,市一,F,32,再障AA
b33,MoWeiZhi,41,2080,3.32,市一,F,32,再障AA
b33,MoWeiZhi,43,2350,3.37,市一,F,32,再障AA
b33,MoWeiZhi,44,1950,3.29,市一,F,32,再障AA
b33,MoWeiZhi,48,1760,3.25,市一,F,32,再障AA
b33,MoWeiZhi,50,3250,3.51,市一,F,32,再障AA
b33,MoWeiZhi,52,500,2.7,市一,F,32,再障AA
b33,MoWeiZhi,55,500,2.7,市一,F,32,再障AA
b33,MoWeiZhi,64,500,2.7,市一,F,32,再障AA
b33,MoWeiZhi,90,500,2.7,市一,F,32,再障AA
b33,MoWeiZhi,92,500,2.7,市一,F,32,再障AA
b33,MoWeiZhi,94,500,2.7,市一,F,32,再障AA
b33,MoWeiZhi,97,500,2.7,市一,F,32,再障AA
b33,MoWeiZhi,132,3610,3.56,市一,F,32,再障AA
b33,MoWeiZhi,134,4590,3.66,市一,F,32,再障AA
b33,MoWeiZhi,136,4780,3.68,市一,F,32,再障AA
b33,MoWeiZhi,139,1880,3.27,市一,F,32,再障AA
b33,MoWeiZhi,141,500,2.7,市一,F,32,再障AA
b33,MoWeiZhi,143,2180,3.34,市一,F,32,再障AA
b33,MoWeiZhi,146,500,2.7,市一,F,32,再障AA
b33,MoWeiZhi,148,500,2.7,市一,F,32,再障AA
b33,MoWeiZhi,150,500,2.7,市一,F,32,再障AA
b33,MoWeiZhi,160,500,2.7,市一,F,32,再障AA
b33,MoWeiZhi,162,500,2.7,市一,F,32,再障AA
b33,MoWeiZhi,167,500,2.7,市一,F,32,再障AA
b33,MoWeiZhi,170,500,2.7,市一,F,32,再障AA
b33,MoWeiZhi,176,500,2.7,市一,F,32,再障AA
b34,QiuLiXian,14,500,2.7,市一,F,18,再障AA
b34,QiuLiXian,17,500,2.7,市一,F,18,再障AA
b34,QiuLiXian,23,500,2.7,市一,F,18,再障AA
b34,QiuLiXian,30,500,2.7,市一,F,18,再障AA
b34,QiuLiXian,37,500,2.7,市一,F,18,再障AA
b34,QiuLiXian,42,3950,3.6,市一,F,18,再障AA
b34,QiuLiXian,46,7220,3.86,市一,F,18,再障AA
b34,QiuLiXian,50,3210,3.51,市一,F,18,再障AA
b34,QiuLiXian,53,1330,3.12,市一,F,18,再障AA
b34,QiuLiXian,56,1420,3.15,市一,F,18,再障AA
b34,QiuLiXian,58,1590,3.2,市一,F,18,再障AA
b34,QiuLiXian,60,500,2.7,市一,F,18,再障AA
b34,QiuLiXian,63,500,2.7,市一,F,18,再障AA
b34,QiuLiXian,72,500,2.7,市一,F,18,再障AA
b34,QiuLiXian,79,500,2.7,市一,F,18,再障AA
b34,QiuLiXian,86,500,2.7,市一,F,18,再障AA
b34,QiuLiXian,100,500,2.7,市一,F,18,再障AA
b34,QiuLiXian,107,500,2.7,市一,F,18,再障AA
b35,RuanXing,11,500,2.7,市一,M,20,再障AA
b35,RuanXing,15,500,2.7,市一,M,20,再障AA
b35,RuanXing,18,500,2.7,市一,M,20,再障AA
b35,RuanXing,22,500,2.7,市一,M,20,再障AA
b35,RuanXing,29,500,2.7,市一,M,20,再障AA
b35,RuanXing,36,500,2.7,市一,M,20,再障AA
b35,RuanXing,43,2900,3.46,市一,M,20,再障AA
b35,RuanXing,46,1170,3.07,市一,M,20,再障AA
b35,RuanXing,48,500,2.7,市一,M,20,再障AA
b35,RuanXing,50,500,2.7,市一,M,20,再障AA
b35,RuanXing,70,500,2.7,市一,M,20,再障AA
b35,RuanXing,78,500,2.7,市一,M,20,再障AA
b35,RuanXing,85,500,2.7,市一,M,20,再障AA
b35,RuanXing,99,500,2.7,市一,M,20,再障AA
b35,RuanXing,118,500,2.7,市一,M,20,再障AA
b35,RuanXing,134,500,2.7,市一,M,20,再障AA
b35,RuanXing,160,500,2.7,市一,M,20,再障AA
b36,TanMingYu,-6,500,2.7,市一,F,22,再障AA
b36,TanMingYu,13,500,2.7,市一,F,22,再障AA
b36,TanMingYu,17,500,2.7,市一,F,22,再障AA
b36,TanMingYu,21,500,2.7,市一,F,22,再障AA
b36,TanMingYu,24,500,2.7,市一,F,22,再障AA
b36,TanMingYu,31,500,2.7,市一,F,22,再障AA
b36,TanMingYu,36,599,2.78,市一,F,22,再障AA
b36,TanMingYu,38,500,2.7,市一,F,22,再障AA
b36,TanMingYu,43,500,2.7,市一,F,22,再障AA
b36,TanMingYu,48,500,2.7,市一,F,22,再障AA
b36,TanMingYu,64,500,2.7,市一,F,22,再障AA
b36,TanMingYu,71,500,2.7,市一,F,22,再障AA
b36,TanMingYu,73,500,2.7,市一,F,22,再障AA
b36,TanMingYu,83,500,2.7,市一,F,22,再障AA
b36,TanMingYu,94,500,2.7,市一,F,22,再障AA
b36,TanMingYu,106,500,2.7,市一,F,22,再障AA
b37,XuLei,-12,500,2.7,市一,M,32,再障AA
b37,XuLei,17,500,2.7,市一,M,32,再障AA
b37,XuLei,20,500,2.7,市一,M,32,再障AA
b37,XuLei,24,500,2.7,市一,M,32,再障AA
b37,XuLei,33,500,2.7,市一,M,32,再障AA
b37,XuLei,38,500,2.7,市一,M,32,再障AA
b37,XuLei,45,3050,3.48,市一,M,32,再障AA
b37,XuLei,50,3190,3.5,市一,M,32,再障AA
b37,XuLei,57,500,2.7,市一,M,32,再障AA
b37,XuLei,65,500,2.7,市一,M,32,再障AA
b37,XuLei,72,500,2.7,市一,M,32,再障AA
b37,XuLei,79,500,2.7,市一,M,32,再障AA
b37,XuLei,94,500,2.7,市一,M,32,再障AA
b38,ChenYiPing,20,500,2.7,市一,F,15,再障AA
b38,ChenYiPing,34,500,2.7,市一,F,15,再障AA
b38,ChenYiPing,42,500,2.7,市一,F,15,再障AA
b38,ChenYiPing,48,500,2.7,市一,F,15,再障AA
b38,ChenYiPing,56,500,2.7,市一,F,15,再障AA
b38,ChenYiPing,90,500,2.7,市一,F,15,再障AA
b38,ChenYiPing,105,500,2.7,市一,F,15,再障AA
b38,ChenYiPing,119,500,2.7,市一,F,15,再障AA
b38,ChenYiPing,132,500,2.7,市一,F,15,再障AA
b38,ChenYiPing,146,500,2.7,市一,F,15,再障AA
b38,ChenYiPing,161,500,2.7,市一,F,15,再障AA
b38,ChenYiPing,176,500,2.7,市一,F,15,再障AA
b38,ChenYiPing,202,500,2.7,市一,F,15,再障AA
b38,ChenYiPing,230,500,2.7,市一,F,15,再障AA
b38,ChenYiPing,336,500,2.7,市一,F,15,再障AA
b38,ChenYiPing,390,500,2.7,市一,F,15,再障AA
b38,ChenYiPing,494,500,2.7,市一,F,15,再障AA
b39,FangRuiJun,16,500,2.7,市一,F,20,再障AA
b39,FangRuiJun,19,500,2.7,市一,F,20,再障AA
b39,FangRuiJun,23,500,2.7,市一,F,20,再障AA
b39,FangRuiJun,27,500,2.7,市一,F,20,再障AA
b39,FangRuiJun,42,500,2.7,市一,F,20,再障AA
b39,FangRuiJun,49,718,2.86,市一,F,20,再障AA
b39,FangRuiJun,57,817,2.91,市一,F,20,再障AA
b39,FangRuiJun,77,500,2.7,市一,F,20,再障AA
b39,FangRuiJun,84,500,2.7,市一,F,20,再障AA
b39,FangRuiJun,89,500,2.7,市一,F,20,再障AA
b39,FangRuiJun,96,500,2.7,市一,F,20,再障AA
b39,FangRuiJun,100,500,2.7,市一,F,20,再障AA
b39,FangRuiJun,105,500,2.7,市一,F,20,再障AA
b39,FangRuiJun,112,500,2.7,市一,F,20,再障AA
b39,FangRuiJun,117,500,2.7,市一,F,20,再障AA
b39,FangRuiJun,124,500,2.7,市一,F,20,再障AA
b39,FangRuiJun,131,500,2.7,市一,F,20,再障AA
b39,FangRuiJun,167,500,2.7,市一,F,20,再障AA
b39,FangRuiJun,170,500,2.7,市一,F,20,再障AA
b39,FangRuiJun,173,500,2.7,市一,F,20,再障AA
b39,FangRuiJun,177,500,2.7,市一,F,20,再障AA
b39,FangRuiJun,180,500,2.7,市一,F,20,再障AA
b39,FangRuiJun,184,500,2.7,市一,F,20,再障AA
b39,FangRuiJun,187,500,2.7,市一,F,20,再障AA
b39,FangRuiJun,189,500,2.7,市一,F,20,再障AA
b39,FangRuiJun,191,500,2.7,市一,F,20,再障AA
b39,FangRuiJun,194,500,2.7,市一,F,20,再障AA
b39,FangRuiJun,198,500,2.7,市一,F,20,再障AA
b40,FangCaiBiao,15,500,2.7,市一,M,29,再障AA
b40,FangCaiBiao,18,500,2.7,市一,M,29,再障AA
b40,FangCaiBiao,22,500,2.7,市一,M,29,再障AA
b40,FangCaiBiao,27,500,2.7,市一,M,29,再障AA
b40,FangCaiBiao,36,813,2.91,市一,M,29,再障AA
b40,FangCaiBiao,43,2650,3.42,市一,M,29,再障AA
b40,FangCaiBiao,46,2500,3.4,市一,M,29,再障AA
b40,FangCaiBiao,48,3140,3.5,市一,M,29,再障AA
b40,FangCaiBiao,53,1290,3.11,市一,M,29,再障AA
b40,FangCaiBiao,71,500,2.7,市一,M,29,再障AA
b40,FangCaiBiao,78,500,2.7,市一,M,29,再障AA
b40,FangCaiBiao,85,500,2.7,市一,M,29,再障AA
b40,FangCaiBiao,113,500,2.7,市一,M,29,再障AA
b40,FangCaiBiao,127,500,2.7,市一,M,29,再障AA
b40,FangCaiBiao,141,500,2.7,市一,M,29,再障AA
b40,FangCaiBiao,155,500,2.7,市一,M,29,再障AA
b41,HuangZhuHeng,-8,500,2.7,市一,M,35,再障AA
b41,HuangZhuHeng,13,500,2.7,市一,M,35,再障AA
b41,HuangZhuHeng,16,500,2.7,市一,M,35,再障AA
b41,HuangZhuHeng,20,500,2.7,市一,M,35,再障AA
b41,HuangZhuHeng,23,500,2.7,市一,M,35,再障AA
b41,HuangZhuHeng,27,500,2.7,市一,M,35,再障AA
b41,HuangZhuHeng,31,500,2.7,市一,M,35,再障AA
b41,HuangZhuHeng,34,500,2.7,市一,M,35,再障AA
b41,HuangZhuHeng,43,500,2.7,市一,M,35,再障AA
b41,HuangZhuHeng,57,3040,3.48,市一,M,35,再障AA
b41,HuangZhuHeng,59,795,2.9,市一,M,35,再障AA
b41,HuangZhuHeng,62,500,2.7,市一,M,35,再障AA
b41,HuangZhuHeng,68,500,2.7,市一,M,35,再障AA
b41,HuangZhuHeng,87,500,2.7,市一,M,35,再障AA
b41,HuangZhuHeng,106,500,2.7,市一,M,35,再障AA
b42,LiangRunGuang,14,500,2.7,市一,M,37,再障AA
b42,LiangRunGuang,17,500,2.7,市一,M,37,再障AA
b42,LiangRunGuang,20,500,2.7,市一,M,37,再障AA
b42,LiangRunGuang,27,500,2.7,市一,M,37,再障AA
b42,LiangRunGuang,34,500,2.7,市一,M,37,再障AA
b42,LiangRunGuang,49,3090,3.49,市一,M,37,再障AA
b42,LiangRunGuang,52,5890,3.77,市一,M,37,再障AA
b42,LiangRunGuang,54,684,2.84,市一,M,37,再障AA
b42,LiangRunGuang,56,4190,3.62,市一,M,37,再障AA
b42,LiangRunGuang,59,500,2.7,市一,M,37,再障AA
b42,LiangRunGuang,79,500,2.7,市一,M,37,再障AA
b42,LiangRunGuang,82,1020,3.01,市一,M,37,再障AA
b42,LiangRunGuang,84,500,2.7,市一,M,37,再障AA
b42,LiangRunGuang,87,500,2.7,市一,M,37,再障AA
b42,LiangRunGuang,89,507,2.71,市一,M,37,再障AA
b42,LiangRunGuang,91,5310,3.73,市一,M,37,再障AA
b42,LiangRunGuang,94,3040,3.48,市一,M,37,再障AA
b42,LiangRunGuang,96,1080,3.03,市一,M,37,再障AA
b42,LiangRunGuang,98,500,2.7,市一,M,37,再障AA
b42,LiangRunGuang,101,1180,3.07,市一,M,37,再障AA
b42,LiangRunGuang,103,864,2.94,市一,M,37,再障AA
b42,LiangRunGuang,108,500,2.7,市一,M,37,再障AA
b42,LiangRunGuang,119,500,2.7,市一,M,37,再障AA
b42,LiangRunGuang,131,726,2.86,市一,M,37,再障AA
b42,LiangRunGuang,133,726,2.86,市一,M,37,再障AA
b42,LiangRunGuang,139,521,2.72,市一,M,37,再障AA
b42,LiangRunGuang,143,500,2.7,市一,M,37,再障AA
b42,LiangRunGuang,145,500,2.7,市一,M,37,再障AA
b42,LiangRunGuang,159,500,2.7,市一,M,37,再障AA
b42,LiangRunGuang,164,500,2.7,市一,M,37,再障AA
b42,LiangRunGuang,166,500,2.7,市一,M,37,再障AA
b42,LiangRunGuang,168,527,2.72,市一,M,37,再障AA
b43,TangMeiXiang,13,500,2.7,市一,F,57,再障AA
b43,TangMeiXiang,17,500,2.7,市一,F,57,再障AA
b43,TangMeiXiang,23,500,2.7,市一,F,57,再障AA
b43,TangMeiXiang,29,500,2.7,市一,F,57,再障AA
b43,TangMeiXiang,30,500,2.7,市一,F,57,再障AA
b43,TangMeiXiang,36,500,2.7,市一,F,57,再障AA
b43,TangMeiXiang,43,500,2.7,市一,F,57,再障AA
b43,TangMeiXiang,50,500,2.7,市一,F,57,再障AA
b43,TangMeiXiang,59,500,2.7,市一,F,57,再障AA
b43,TangMeiXiang,69,500,2.7,市一,F,57,再障AA
b43,TangMeiXiang,78,500,2.7,市一,F,57,再障AA
b43,TangMeiXiang,83,500,2.7,市一,F,57,再障AA
b43,TangMeiXiang,92,500,2.7,市一,F,57,再障AA
b43,TangMeiXiang,97,500,2.7,市一,F,57,再障AA
b43,TangMeiXiang,106,500,2.7,市一,F,57,再障AA
b43,TangMeiXiang,120,500,2.7,市一,F,57,再障AA
b43,TangMeiXiang,134,500,2.7,市一,F,57,再障AA
b43,TangMeiXiang,163,500,2.7,市一,F,57,再障AA
b43,TangMeiXiang,167,500,2.7,市一,F,57,再障AA
b44,WangHao,12,500,2.7,市一,M,16,再障AA
b44,WangHao,14,500,2.7,市一,M,16,再障AA
b44,WangHao,18,500,2.7,市一,M,16,再障AA
b44,WangHao,25,500,2.7,市一,M,16,再障AA
b44,WangHao,29,500,2.7,市一,M,16,再障AA
b44,WangHao,33,500,2.7,市一,M,16,再障AA
b44,WangHao,40,500,2.7,市一,M,16,再障AA
b44,WangHao,46,663,2.82,市一,M,16,再障AA
b44,WangHao,48,500,2.7,市一,M,16,再障AA
b44,WangHao,54,500,2.7,市一,M,16,再障AA
b44,WangHao,60,500,2.7,市一,M,16,再障AA
b44,WangHao,67,500,2.7,市一,M,16,再障AA
b44,WangHao,74,500,2.7,市一,M,16,再障AA
b44,WangHao,88,500,2.7,市一,M,16,再障AA
b44,WangHao,98,500,2.7,市一,M,16,再障AA
b44,WangHao,116,500,2.7,市一,M,16,再障AA
b44,WangHao,139,500,2.7,市一,M,16,再障AA
b44,WangHao,174,500,2.7,市一,M,16,再障AA
b44,WangHao,186,500,2.7,市一,M,16,再障AA
b45,ZhangJiangWei,-23,500,2.7,市一,M,29,再障AA
b45,ZhangJiangWei,16,500,2.7,市一,M,29,再障AA
b45,ZhangJiangWei,19,500,2.7,市一,M,29,再障AA
b45,ZhangJiangWei,29,500,2.7,市一,M,29,再障AA
b45,ZhangJiangWei,36,500,2.7,市一,M,29,再障AA
b45,ZhangJiangWei,37,500,2.7,市一,M,29,再障AA
b45,ZhangJiangWei,40,500,2.7,市一,M,29,再障AA
b45,ZhangJiangWei,49,500,2.7,市一,M,29,再障AA
b45,ZhangJiangWei,54,500,2.7,市一,M,29,再障AA
b45,ZhangJiangWei,56,500,2.7,市一,M,29,再障AA
b45,ZhangJiangWei,89,2020,3.31,市一,M,29,再障AA
b45,ZhangJiangWei,91,1470,3.17,市一,M,29,再障AA
b45,ZhangJiangWei,96,1390,3.14,市一,M,29,再障AA
b45,ZhangJiangWei,100,500,2.7,市一,M,29,再障AA
b45,ZhangJiangWei,103,1820,3.26,市一,M,29,再障AA
b45,ZhangJiangWei,105,562,2.75,市一,M,29,再障AA
b46,ZhengXiangYu,-21,500,2.7,市一,M,21,再障AA
b46,ZhengXiangYu,21,500,2.7,市一,M,21,再障AA
b46,ZhengXiangYu,23,500,2.7,市一,M,21,再障AA
b46,ZhengXiangYu,39,500,2.7,市一,M,21,再障AA
b46,ZhengXiangYu,44,500,2.7,市一,M,21,再障AA
b47,ZhuangXiaoXi,-7,500,2.7,市一,M,35,再障AA
b47,ZhuangXiaoXi,18,500,2.7,市一,M,35,再障AA
b47,ZhuangXiaoXi,22,500,2.7,市一,M,35,再障AA
b47,ZhuangXiaoXi,25,500,2.7,市一,M,35,再障AA
b47,ZhuangXiaoXi,29,500,2.7,市一,M,35,再障AA
b47,ZhuangXiaoXi,30,500,2.7,市一,M,35,再障AA
b47,ZhuangXiaoXi,36,500,2.7,市一,M,35,再障AA
b47,ZhuangXiaoXi,39,3150,3.5,市一,M,35,再障AA
b47,ZhuangXiaoXi,41,1390,3.14,市一,M,35,再障AA
b47,ZhuangXiaoXi,46,2410,3.38,市一,M,35,再障AA
b47,ZhuangXiaoXi,48,2770,3.44,市一,M,35,再障AA
b47,ZhuangXiaoXi,52,7070,3.85,市一,M,35,再障AA
b47,ZhuangXiaoXi,57,1860,3.27,市一,M,35,再障AA
b47,ZhuangXiaoXi,60,1130,3.05,市一,M,35,再障AA
b47,ZhuangXiaoXi,62,1400,3.15,市一,M,35,再障AA
b47,ZhuangXiaoXi,64,2660,3.42,市一,M,35,再障AA
b47,ZhuangXiaoXi,67,1500,3.18,市一,M,35,再障AA
b47,ZhuangXiaoXi,69,500,2.7,市一,M,35,再障AA
b47,ZhuangXiaoXi,71,500,2.7,市一,M,35,再障AA
b47,ZhuangXiaoXi,74,1320,3.12,市一,M,35,再障AA
b47,ZhuangXiaoXi,78,7700,3.89,市一,M,35,再障AA
b48,LiuYanHui,31,500,2.7,市一,M,25,再障AA
b48,LiuYanHui,38,500,2.7,市一,M,25,再障AA
b48,LiuYanHui,45,500,2.7,市一,M,25,再障AA
b48,LiuYanHui,53,500,2.7,市一,M,25,再障AA
b48,LiuYanHui,60,500,2.7,市一,M,25,再障AA
b48,LiuYanHui,67,500,2.7,市一,M,25,再障AA
b48,LiuYanHui,74,500,2.7,市一,M,25,再障AA
b48,LiuYanHui,81,500,2.7,市一,M,25,再障AA
b48,LiuYanHui,88,500,2.7,市一,M,25,再障AA
b48,LiuYanHui,95,500,2.7,市一,M,25,再障AA
b48,LiuYanHui,101,500,2.7,市一,M,25,再障AA
b48,LiuYanHui,112,500,2.7,市一,M,25,再障AA
b48,LiuYanHui,121,500,2.7,市一,M,25,再障AA
b48,LiuYanHui,126,500,2.7,市一,M,25,再障AA
b48,LiuYanHui,133,500,2.7,市一,M,25,再障AA
b48,LiuYanHui,147,500,2.7,市一,M,25,再障AA
b48,LiuYanHui,161,500,2.7,市一,M,25,再障AA
b48,LiuYanHui,183,500,2.7,市一,M,25,再障AA
b48,LiuYanHui,189,500,2.7,市一,M,25,再障AA
b48,LiuYanHui,200,500,2.7,市一,M,25,再障AA
b48,LiuYanHui,212,500,2.7,市一,M,25,再障AA
b48,LiuYanHui,226,500,2.7,市一,M,25,再障AA
b48,LiuYanHui,240,500,2.7,市一,M,25,再障AA
b49,CaoRuoLing,13,500,2.7,市一,F,29,再障AA
b49,CaoRuoLing,17,500,2.7,市一,F,29,再障AA
b49,CaoRuoLing,20,500,2.7,市一,F,29,再障AA
b49,CaoRuoLing,22,500,2.7,市一,F,29,再障AA
b49,CaoRuoLing,27,500,2.7,市一,F,29,再障AA
b49,CaoRuoLing,34,500,2.7,市一,F,29,再障AA
b49,CaoRuoLing,41,626,2.8,市一,F,29,再障AA
b49,CaoRuoLing,48,4280,3.63,市一,F,29,再障AA
b49,CaoRuoLing,52,3490,3.54,市一,F,29,再障AA
b49,CaoRuoLing,55,2810,3.45,市一,F,29,再障AA
b49,CaoRuoLing,57,2820,3.45,市一,F,29,再障AA
b49,CaoRuoLing,59,2650,3.42,市一,F,29,再障AA
b49,CaoRuoLing,62,2500,3.4,市一,F,29,再障AA
b49,CaoRuoLing,64,500,2.7,市一,F,29,再障AA
b49,CaoRuoLing,66,500,2.7,市一,F,29,再障AA
b49,CaoRuoLing,69,500,2.7,市一,F,29,再障AA
b49,CaoRuoLing,76,500,2.7,市一,F,29,再障AA
b49,CaoRuoLing,78,500,2.7,市一,F,29,再障AA
b49,CaoRuoLing,83,500,2.7,市一,F,29,再障AA
b49,CaoRuoLing,90,500,2.7,市一,F,29,再障AA
b49,CaoRuoLing,99,500,2.7,市一,F,29,再障AA
b49,CaoRuoLing,106,500,2.7,市一,F,29,再障AA
b49,CaoRuoLing,120,500,2.7,市一,F,29,再障AA
b49,CaoRuoLing,125,500,2.7,市一,F,29,再障AA
b49,CaoRuoLing,132,500,2.7,市一,F,29,再障AA
b50,ZengYongLiang,-12,500,2.7,市一,M,13,再障AA
b50,ZengYongLiang,10,500,2.7,市一,M,13,再障AA
b50,ZengYongLiang,17,500,2.7,市一,M,13,再障AA
b50,ZengYongLiang,28,500,2.7,市一,M,13,再障AA
b50,ZengYongLiang,30,500,2.7,市一,M,13,再障AA
b50,ZengYongLiang,37,500,2.7,市一,M,13,再障AA
b51,FengWanQing,24,500,2.7,市一,F,9,再障AA
b51,FengWanQing,36,500,2.7,市一,F,9,再障AA
b51,FengWanQing,44,500,2.7,市一,F,9,再障AA
b51,FengWanQing,51,500,2.7,市一,F,9,再障AA
b51,FengWanQing,80,500,2.7,市一,F,9,再障AA
b51,FengWanQing,86,500,2.7,市一,F,9,再障AA
b51,FengWanQing,125,500,2.7,市一,F,9,再障AA
b51,FengWanQing,135,500,2.7,市一,F,9,再障AA
b51,FengWanQing,142,558,2.75,市一,F,9,再障AA
b51,FengWanQing,147,500,2.7,市一,F,9,再障AA
b51,FengWanQing,156,500,2.7,市一,F,9,再障AA
b51,FengWanQing,163,500,2.7,市一,F,9,再障AA
b51,FengWanQing,178,500,2.7,市一,F,9,再障AA
b51,FengWanQing,233,500,2.7,市一,F,9,再障AA
b51,FengWanQing,279,500,2.7,市一,F,9,再障AA
b51,FengWanQing,304,500,2.7,市一,F,9,再障AA
b51,FengWanQing,367,500,2.7,市一,F,9,再障AA
b52,HuangKuangMei,10,500,2.7,市一,F,48,再障AA
b52,HuangKuangMei,13,500,2.7,市一,F,48,再障AA
b52,HuangKuangMei,16,500,2.7,市一,F,48,再障AA
b52,HuangKuangMei,20,500,2.7,市一,F,48,再障AA
b52,HuangKuangMei,31,500,2.7,市一,F,48,再障AA
b52,HuangKuangMei,34,1160,3.06,市一,F,48,再障AA
b52,HuangKuangMei,36,3660,3.56,市一,F,48,再障AA
b52,HuangKuangMei,41,3040,3.48,市一,F,48,再障AA
b52,HuangKuangMei,45,12800,4.11,市一,F,48,再障AA
b52,HuangKuangMei,48,4090,3.61,市一,F,48,再障AA
b52,HuangKuangMei,52,500,2.7,市一,F,48,再障AA
b52,HuangKuangMei,62,500,2.7,市一,F,48,再障AA
b52,HuangKuangMei,69,500,2.7,市一,F,48,再障AA
b52,HuangKuangMei,76,500,2.7,市一,F,48,再障AA
b52,HuangKuangMei,83,500,2.7,市一,F,48,再障AA
b52,HuangKuangMei,97,930,2.97,市一,F,48,再障AA
b52,HuangKuangMei,104,500,2.7,市一,F,48,再障AA
b52,HuangKuangMei,106,500,2.7,市一,F,48,再障AA
b52,HuangKuangMei,113,500,2.7,市一,F,48,再障AA
b52,HuangKuangMei,122,500,2.7,市一,F,48,再障AA
b52,HuangKuangMei,129,500,2.7,市一,F,48,再障AA
b53,LiWen,-15,500,2.7,市一,M,14,再障AA
b53,LiWen,14,500,2.7,市一,M,14,再障AA
b53,LiWen,18,500,2.7,市一,M,14,再障AA
b53,LiWen,21,500,2.7,市一,M,14,再障AA
b53,LiWen,28,500,2.7,市一,M,14,再障AA
b53,LiWen,33,500,2.7,市一,M,14,再障AA
b53,LiWen,35,500,2.7,市一,M,14,再障AA
b53,LiWen,41,500,2.7,市一,M,14,再障AA
b53,LiWen,50,500,2.7,市一,M,14,再障AA
b53,LiWen,55,500,2.7,市一,M,14,再障AA
b53,LiWen,63,500,2.7,市一,M,14,再障AA
b53,LiWen,70,500,2.7,市一,M,14,再障AA
b53,LiWen,77,500,2.7,市一,M,14,再障AA
b53,LiWen,94,500,2.7,市一,M,14,再障AA
b53,LiWen,112,500,2.7,市一,M,14,再障AA
b53,LiWen,126,500,2.7,市一,M,14,再障AA
b53,LiWen,140,500,2.7,市一,M,14,再障AA
b54,LinYouMin,43,500,2.7,市一,M,53,再障AA
b54,LinYouMin,50,500,2.7,市一,M,53,再障AA
b54,LinYouMin,57,500,2.7,市一,M,53,再障AA
b54,LinYouMin,71,500,2.7,市一,M,53,再障AA
b54,LinYouMin,78,500,2.7,市一,M,53,再障AA
b54,LinYouMin,85,500,2.7,市一,M,53,再障AA
b54,LinYouMin,110,500,2.7,市一,M,53,再障AA
b54,LinYouMin,120,500,2.7,市一,M,53,再障AA
b54,LinYouMin,133,500,2.7,市一,M,53,再障AA
b54,LinYouMin,148,500,2.7,市一,M,53,再障AA
b54,LinYouMin,161,500,2.7,市一,M,53,再障AA
b54,LinYouMin,189,500,2.7,市一,M,53,再障AA
b54,LinYouMin,238,500,2.7,市一,M,53,再障AA
b54,LinYouMin,287,500,2.7,市一,M,53,再障AA
b54,LinYouMin,736,500,2.7,市一,M,53,再障AA
b55,LuoYunLong,34,500,2.7,市一,M,16,再障AA
b55,LuoYunLong,39,3090,3.49,市一,M,16,再障AA
b55,LuoYunLong,53,500,2.7,市一,M,16,再障AA
b55,LuoYunLong,66,516,2.71,市一,M,16,再障AA
b55,LuoYunLong,73,500,2.7,市一,M,16,再障AA
b55,LuoYunLong,80,500,2.7,市一,M,16,再障AA
b55,LuoYunLong,88,500,2.7,市一,M,16,再障AA
b55,LuoYunLong,102,500,2.7,市一,M,16,再障AA
b56,MaNaEr,20,500,2.7,市一,F,33,再障AA
b56,MaNaEr,34,500,2.7,市一,F,33,再障AA
b56,MaNaEr,41,654,2.82,市一,F,33,再障AA
b56,MaNaEr,49,500,2.7,市一,F,33,再障AA
b56,MaNaEr,56,500,2.7,市一,F,33,再障AA
b56,MaNaEr,74,500,2.7,市一,F,33,再障AA
b56,MaNaEr,76,500,2.7,市一,F,33,再障AA
b56,MaNaEr,87,500,2.7,市一,F,33,再障AA
b56,MaNaEr,107,500,2.7,市一,F,33,再障AA
b56,MaNaEr,119,500,2.7,市一,F,33,再障AA
b56,MaNaEr,133,500,2.7,市一,F,33,再障AA
b56,MaNaEr,146,500,2.7,市一,F,33,再障AA
b56,MaNaEr,161,500,2.7,市一,F,33,再障AA
b56,MaNaEr,178,500,2.7,市一,F,33,再障AA
b56,MaNaEr,201,500,2.7,市一,F,33,再障AA
b57,RaoLingShan,21,500,2.7,市一,F,28,再障AA
b57,RaoLingShan,35,500,2.7,市一,F,28,再障AA
b57,RaoLingShan,43,500,2.7,市一,F,28,再障AA
b57,RaoLingShan,50,549,2.74,市一,F,28,再障AA
b57,RaoLingShan,63,5240,3.72,市一,F,28,再障AA
b57,RaoLingShan,90,500,2.7,市一,F,28,再障AA
b57,RaoLingShan,96,500,2.7,市一,F,28,再障AA
b57,RaoLingShan,99,500,2.7,市一,F,28,再障AA
b57,RaoLingShan,110,500,2.7,市一,F,28,再障AA
b57,RaoLingShan,112,500,2.7,市一,F,28,再障AA
b57,RaoLingShan,120,500,2.7,市一,F,28,再障AA
b57,RaoLingShan,127,500,2.7,市一,F,28,再障AA
b57,RaoLingShan,141,500,2.7,市一,F,28,再障AA
b57,RaoLingShan,144,500,2.7,市一,F,28,再障AA
b57,RaoLingShan,147,500,2.7,市一,F,28,再障AA
b57,RaoLingShan,152,500,2.7,市一,F,28,再障AA
b57,RaoLingShan,154,500,2.7,市一,F,28,再障AA
b57,RaoLingShan,161,500,2.7,市一,F,28,再障AA
b57,RaoLingShan,186,500,2.7,市一,F,28,再障AA
b57,RaoLingShan,286,500,2.7,市一,F,28,再障AA
b57,RaoLingShan,342,500,2.7,市一,F,28,再障AA
b58,ZhangXiao,-8,500,2.7,市一,F,27,再障AA
b58,ZhangXiao,10,500,2.7,市一,F,27,再障AA
b58,ZhangXiao,14,500,2.7,市一,F,27,再障AA
b58,ZhangXiao,17,500,2.7,市一,F,27,再障AA
b58,ZhangXiao,19,500,2.7,市一,F,27,再障AA
b58,ZhangXiao,24,500,2.7,市一,F,27,再障AA
b58,ZhangXiao,45,500,2.7,市一,F,27,再障AA
b58,ZhangXiao,52,500,2.7,市一,F,27,再障AA
b58,ZhangXiao,59,500,2.7,市一,F,27,再障AA
b58,ZhangXiao,66,500,2.7,市一,F,27,再障AA
b58,ZhangXiao,70,500,2.7,市一,F,27,再障AA
b58,ZhangXiao,73,500,2.7,市一,F,27,再障AA
b58,ZhangXiao,80,500,2.7,市一,F,27,再障AA
b58,ZhangXiao,87,500,2.7,市一,F,27,再障AA
b58,ZhangXiao,91,500,2.7,市一,F,27,再障AA
b58,ZhangXiao,94,500,2.7,市一,F,27,再障AA
b59,DaiLi,13,500,2.7,市一,F,33,再障AA
b59,DaiLi,17,500,2.7,市一,F,33,再障AA
b59,DaiLi,24,500,2.7,市一,F,33,再障AA
b59,DaiLi,27,500,2.7,市一,F,33,再障AA
b59,DaiLi,38,500,2.7,市一,F,33,再障AA
b59,DaiLi,45,500,2.7,市一,F,33,再障AA
b59,DaiLi,52,500,2.7,市一,F,33,再障AA
b59,DaiLi,61,500,2.7,市一,F,33,再障AA
b59,DaiLi,66,500,2.7,市一,F,33,再障AA
b59,DaiLi,73,500,2.7,市一,F,33,再障AA
b59,DaiLi,80,500,2.7,市一,F,33,再障AA
b59,DaiLi,94,500,2.7,市一,F,33,再障AA
b59,DaiLi,96,500,2.7,市一,F,33,再障AA
b59,DaiLi,181,500,2.7,市一,F,33,再障AA
b59,DaiLi,371,500,2.7,市一,F,33,再障AA
b60,HuangJie,17,500,2.7,市一,M,18,再障AA
b60,HuangJie,26,500,2.7,市一,M,18,再障AA
b60,HuangJie,28,500,2.7,市一,M,18,再障AA
b60,HuangJie,31,500,2.7,市一,M,18,再障AA
b60,HuangJie,33,13500,4.13,市一,M,18,再障AA
b61,LinKangLiang,-6,500,2.7,市一,M,29,再障AA
b61,LinKangLiang,8,500,2.7,市一,M,29,再障AA
b61,LinKangLiang,12,500,2.7,市一,M,29,再障AA
b61,LinKangLiang,16,500,2.7,市一,M,29,再障AA
b61,LinKangLiang,19,500,2.7,市一,M,29,再障AA
b61,LinKangLiang,21,500,2.7,市一,M,29,再障AA
b61,LinKangLiang,26,500,2.7,市一,M,29,再障AA
b61,LinKangLiang,33,500,2.7,市一,M,29,再障AA
b61,LinKangLiang,35,500,2.7,市一,M,29,再障AA
b61,LinKangLiang,37,500,2.7,市一,M,29,再障AA
b61,LinKangLiang,40,500,2.7,市一,M,29,再障AA
b61,LinKangLiang,47,500,2.7,市一,M,29,再障AA
b61,LinKangLiang,63,500,2.7,市一,M,29,再障AA
b61,LinKangLiang,77,500,2.7,市一,M,29,再障AA
b61,LinKangLiang,86,500,2.7,市一,M,29,再障AA
b61,LinKangLiang,98,500,2.7,市一,M,29,再障AA
b61,LinKangLiang,100,500,2.7,市一,M,29,再障AA
b61,LinKangLiang,103,500,2.7,市一,M,29,再障AA
b61,LinKangLiang,105,500,2.7,市一,M,29,再障AA
b61,LinKangLiang,107,500,2.7,市一,M,29,再障AA
b61,LinKangLiang,110,500,2.7,市一,M,29,再障AA
b61,LinKangLiang,112,500,2.7,市一,M,29,再障AA
b61,LinKangLiang,121,500,2.7,市一,M,29,再障AA
b61,LinKangLiang,128,500,2.7,市一,M,29,再障AA
b61,LinKangLiang,135,500,2.7,市一,M,29,再障AA
b61,LinKangLiang,142,500,2.7,市一,M,29,再障AA
b62,TanZuoTing,20,500,2.7,市一,F,25,再障AA
b62,TanZuoTing,27,500,2.7,市一,F,25,再障AA
b62,TanZuoTing,34,500,2.7,市一,F,25,再障AA
b62,TanZuoTing,42,1222,3.09,市一,F,25,再障AA
b62,TanZuoTing,48,500,2.7,市一,F,25,再障AA
b62,TanZuoTing,50,500,2.7,市一,F,25,再障AA
b62,TanZuoTing,52,500,2.7,市一,F,25,再障AA
b62,TanZuoTing,56,500,2.7,市一,F,25,再障AA
b62,TanZuoTing,59,500,2.7,市一,F,25,再障AA
b62,TanZuoTing,72,500,2.7,市一,F,25,再障AA
b62,TanZuoTing,80,500,2.7,市一,F,25,再障AA
b62,TanZuoTing,87,500,2.7,市一,F,25,再障AA
b62,TanZuoTing,93,500,2.7,市一,F,25,再障AA
b62,TanZuoTing,107,500,2.7,市一,F,25,再障AA
b62,TanZuoTing,115,500,2.7,市一,F,25,再障AA
b62,TanZuoTing,121,500,2.7,市一,F,25,再障AA
b62,TanZuoTing,128,500,2.7,市一,F,25,再障AA
b62,TanZuoTing,142,500,2.7,市一,F,25,再障AA
b62,TanZuoTing,156,500,2.7,市一,F,25,再障AA
b62,TanZuoTing,170,500,2.7,市一,F,25,再障AA
b62,TanZuoTing,243,500,2.7,市一,F,25,再障AA
b62,TanZuoTing,282,500,2.7,市一,F,25,再障AA
b62,TanZuoTing,328,500,2.7,市一,F,25,再障AA
b63,XieRuBin,-18,500,2.7,市一,M,15,再障AA
b63,XieRuBin,14,500,2.7,市一,M,15,再障AA
b63,XieRuBin,18,500,2.7,市一,M,15,再障AA
b63,XieRuBin,25,500,2.7,市一,M,15,再障AA
b63,XieRuBin,32,500,2.7,市一,M,15,再障AA
b63,XieRuBin,37,500,2.7,市一,M,15,再障AA
b64,YuLiangCi,11,500,2.7,市一,F,37,再障AA
b64,YuLiangCi,15,500,2.7,市一,F,37,再障AA
b64,YuLiangCi,18,500,2.7,市一,F,37,再障AA
b64,YuLiangCi,25,500,2.7,市一,F,37,再障AA
b64,YuLiangCi,32,500,2.7,市一,F,37,再障AA
b64,YuLiangCi,39,500,2.7,市一,F,37,再障AA
b64,YuLiangCi,46,2630,3.42,市一,F,37,再障AA
b64,YuLiangCi,50,1030,3.01,市一,F,37,再障AA
b64,YuLiangCi,53,500,2.7,市一,F,37,再障AA
b64,YuLiangCi,55,500,2.7,市一,F,37,再障AA
b64,YuLiangCi,57,500,2.7,市一,F,37,再障AA
b64,YuLiangCi,60,500,2.7,市一,F,37,再障AA
b64,YuLiangCi,62,500,2.7,市一,F,37,再障AA
b64,YuLiangCi,67,500,2.7,市一,F,37,再障AA
b64,YuLiangCi,74,500,2.7,市一,F,37,再障AA
b64,YuLiangCi,81,500,2.7,市一,F,37,再障AA
b64,YuLiangCi,88,500,2.7,市一,F,37,再障AA
b64,YuLiangCi,97,500,2.7,市一,F,37,再障AA
b65,DengYunQiang,22,500,2.7,市一,M,38,MDS
b65,DengYunQiang,29,500,2.7,市一,M,38,MDS
b65,DengYunQiang,49,500,2.7,市一,M,38,MDS
b65,DengYunQiang,56,500,2.7,市一,M,38,MDS
b65,DengYunQiang,71,1950,3.29,市一,M,38,MDS
b65,DengYunQiang,81,500,2.7,市一,M,38,MDS
b65,DengYunQiang,83,500,2.7,市一,M,38,MDS
b65,DengYunQiang,85,500,2.7,市一,M,38,MDS
b65,DengYunQiang,92,500,2.7,市一,M,38,MDS
b65,DengYunQiang,95,500,2.7,市一,M,38,MDS
b65,DengYunQiang,105,500,2.7,市一,M,38,MDS
b65,DengYunQiang,112,500,2.7,市一,M,38,MDS
b65,DengYunQiang,127,500,2.7,市一,M,38,MDS
b65,DengYunQiang,138,500,2.7,市一,M,38,MDS
b65,DengYunQiang,139,500,2.7,市一,M,38,MDS
b65,DengYunQiang,144,500,2.7,市一,M,38,MDS
b65,DengYunQiang,152,500,2.7,市一,M,38,MDS
b65,DengYunQiang,166,2270,3.36,市一,M,38,MDS
b65,DengYunQiang,167,5790,3.76,市一,M,38,MDS
b65,DengYunQiang,169,3800,3.58,市一,M,38,MDS
b65,DengYunQiang,172,1430,3.16,市一,M,38,MDS
b65,DengYunQiang,174,1160,3.06,市一,M,38,MDS
b65,DengYunQiang,176,500,2.7,市一,M,38,MDS
b65,DengYunQiang,179,500,2.7,市一,M,38,MDS
b65,DengYunQiang,188,500,2.7,市一,M,38,MDS
b65,DengYunQiang,193,500,2.7,市一,M,38,MDS
b65,DengYunQiang,196,500,2.7,市一,M,38,MDS
b65,DengYunQiang,201,500,2.7,市一,M,38,MDS
b65,DengYunQiang,203,500,2.7,市一,M,38,MDS
b65,DengYunQiang,208,500,2.7,市一,M,38,MDS
b65,DengYunQiang,210,500,2.7,市一,M,38,MDS
b65,DengYunQiang,214,500,2.7,市一,M,38,MDS
b65,DengYunQiang,217,500,2.7,市一,M,38,MDS
b65,DengYunQiang,221,500,2.7,市一,M,38,MDS
b65,DengYunQiang,224,500,2.7,市一,M,38,MDS
b65,DengYunQiang,228,500,2.7,市一,M,38,MDS
b65,DengYunQiang,232,500,2.7,市一,M,38,MDS
b65,DengYunQiang,238,572,2.76,市一,M,38,MDS
b65,DengYunQiang,239,500,2.7,市一,M,38,MDS
b65,DengYunQiang,244,500,2.7,市一,M,38,MDS
b65,DengYunQiang,256,500,2.7,市一,M,38,MDS
b65,DengYunQiang,291,22000,4.34,市一,M,38,MDS
b65,DengYunQiang,298,500,2.7,市一,M,38,MDS
b65,DengYunQiang,354,500,2.7,市一,M,38,MDS
b65,DengYunQiang,356,500,2.7,市一,M,38,MDS
b65,DengYunQiang,412,500,2.7,市一,M,38,MDS
b66,FangYaoQuan,17,500,2.7,市一,M,50,MDS
b66,FangYaoQuan,25,500,2.7,市一,M,50,MDS
b66,FangYaoQuan,38,614,2.79,市一,M,50,MDS
b66,FangYaoQuan,42,2030,3.31,市一,M,50,MDS
b66,FangYaoQuan,45,1220,3.09,市一,M,50,MDS
b66,FangYaoQuan,47,998,3,市一,M,50,MDS
b66,FangYaoQuan,49,500,2.7,市一,M,50,MDS
b66,FangYaoQuan,52,500,2.7,市一,M,50,MDS
b66,FangYaoQuan,54,500,2.7,市一,M,50,MDS
b66,FangYaoQuan,60,500,2.7,市一,M,50,MDS
b66,FangYaoQuan,63,500,2.7,市一,M,50,MDS
b66,FangYaoQuan,67,500,2.7,市一,M,50,MDS
b66,FangYaoQuan,73,500,2.7,市一,M,50,MDS
b66,FangYaoQuan,81,500,2.7,市一,M,50,MDS
b66,FangYaoQuan,87,500,2.7,市一,M,50,MDS
b66,FangYaoQuan,94,500,2.7,市一,M,50,MDS
b66,FangYaoQuan,101,500,2.7,市一,M,50,MDS
b66,FangYaoQuan,115,500,2.7,市一,M,50,MDS
b66,FangYaoQuan,129,500,2.7,市一,M,50,MDS
b66,FangYaoQuan,146,500,2.7,市一,M,50,MDS
b66,FangYaoQuan,150,500,2.7,市一,M,50,MDS
b66,FangYaoQuan,171,500,2.7,市一,M,50,MDS
b66,FangYaoQuan,175,500,2.7,市一,M,50,MDS
b66,FangYaoQuan,181,500,2.7,市一,M,50,MDS
b66,FangYaoQuan,185,500,2.7,市一,M,50,MDS
b66,FangYaoQuan,187,500,2.7,市一,M,50,MDS
b66,FangYaoQuan,194,500,2.7,市一,M,50,MDS
b66,FangYaoQuan,217,500,2.7,市一,M,50,MDS
b67,HeMingXing,161,500,2.7,市一,M,29,TLL
b67,HeMingXing,225,500,2.7,市一,M,29,TLL
b67,HeMingXing,260,500,2.7,市一,M,29,TLL
b67,HeMingXing,265,500,2.7,市一,M,29,TLL
b67,HeMingXing,377,500,2.7,市一,M,29,TLL
b67,HeMingXing,380,500,2.7,市一,M,29,TLL
b67,HeMingXing,384,500,2.7,市一,M,29,TLL
b67,HeMingXing,387,500,2.7,市一,M,29,TLL
b67,HeMingXing,392,500,2.7,市一,M,29,TLL
b67,HeMingXing,394,500,2.7,市一,M,29,TLL
b67,HeMingXing,398,500,2.7,市一,M,29,TLL
b67,HeMingXing,401,500,2.7,市一,M,29,TLL
b67,HeMingXing,405,500,2.7,市一,M,29,TLL
b67,HeMingXing,408,500,2.7,市一,M,29,TLL
b67,HeMingXing,412,500,2.7,市一,M,29,TLL
b67,HeMingXing,422,500,2.7,市一,M,29,TLL
b67,HeMingXing,482,500,2.7,市一,M,29,TLL
b67,HeMingXing,498,500,2.7,市一,M,29,TLL
b68,WuYaXiang,803,500,2.7,市一,M,53,AML
b68,WuYaXiang,838,500,2.7,市一,M,53,AML
b68,WuYaXiang,868,500,2.7,市一,M,53,AML
b68,WuYaXiang,880,500,2.7,市一,M,53,AML
b68,WuYaXiang,901,500,2.7,市一,M,53,AML
b68,WuYaXiang,908,500,2.7,市一,M,53,AML
b68,WuYaXiang,919,500,2.7,市一,M,53,AML
b68,WuYaXiang,929,500,2.7,市一,M,53,AML
b68,WuYaXiang,943,500,2.7,市一,M,53,AML
b68,WuYaXiang,1009,500,2.7,市一,M,53,AML
b68,WuYaXiang,1013,500,2.7,市一,M,53,AML
b68,WuYaXiang,1027,500,2.7,市一,M,53,AML
b69,XieKunPing,12,500,2.7,市一,M,35,MDS
b69,XieKunPing,16,500,2.7,市一,M,35,MDS
b69,XieKunPing,27,500,2.7,市一,M,35,MDS
b69,XieKunPing,30,500,2.7,市一,M,35,MDS
b69,XieKunPing,37,682,2.83,市一,M,35,MDS
b69,XieKunPing,41,2110,3.32,市一,M,35,MDS
b69,XieKunPing,44,1280,3.11,市一,M,35,MDS
b69,XieKunPing,51,500,2.7,市一,M,35,MDS
b69,XieKunPing,55,500,2.7,市一,M,35,MDS
b69,XieKunPing,58,500,2.7,市一,M,35,MDS
b69,XieKunPing,66,500,2.7,市一,M,35,MDS
b69,XieKunPing,72,500,2.7,市一,M,35,MDS
b69,XieKunPing,74,500,2.7,市一,M,35,MDS
b69,XieKunPing,76,500,2.7,市一,M,35,MDS
b69,XieKunPing,79,500,2.7,市一,M,35,MDS
b69,XieKunPing,83,500,2.7,市一,M,35,MDS
b69,XieKunPing,86,500,2.7,市一,M,35,MDS
b69,XieKunPing,88,500,2.7,市一,M,35,MDS
b69,XieKunPing,93,500,2.7,市一,M,35,MDS
b69,XieKunPing,100,500,2.7,市一,M,35,MDS
b69,XieKunPing,107,500,2.7,市一,M,35,MDS
b69,XieKunPing,115,500,2.7,市一,M,35,MDS
b69,XieKunPing,144,500,2.7,市一,M,35,MDS
b69,XieKunPing,149,500,2.7,市一,M,35,MDS
b69,XieKunPing,152,500,2.7,市一,M,35,MDS
b69,XieKunPing,156,500,2.7,市一,M,35,MDS
b69,XieKunPing,159,500,2.7,市一,M,35,MDS
b69,XieKunPing,163,500,2.7,市一,M,35,MDS
b69,XieKunPing,170,500,2.7,市一,M,35,MDS
b69,XieKunPing,177,500,2.7,市一,M,35,MDS
b69,XieKunPing,180,500,2.7,市一,M,35,MDS
b69,XieKunPing,185,500,2.7,市一,M,35,MDS
b69,XieKunPing,187,500,2.7,市一,M,35,MDS
b69,XieKunPing,194,500,2.7,市一,M,35,MDS
b69,XieKunPing,198,500,2.7,市一,M,35,MDS
b69,XieKunPing,205,500,2.7,市一,M,35,MDS
b69,XieKunPing,219,500,2.7,市一,M,35,MDS
b69,XieKunPing,230,500,2.7,市一,M,35,MDS
b69,XieKunPing,240,500,2.7,市一,M,35,MDS
b69,XieKunPing,261,500,2.7,市一,M,35,MDS
b69,XieKunPing,361,500,2.7,市一,M,35,MDS
b69,XieKunPing,384,500,2.7,市一,M,35,MDS
b70,GuanJiaWen,18,500,2.7,市一,M,22,PDCT
b70,GuanJiaWen,34,500,2.7,市一,M,22,PDCT
b70,GuanJiaWen,46,1460,3.16,市一,M,22,PDCT
b70,GuanJiaWen,48,1640,3.21,市一,M,22,PDCT
b70,GuanJiaWen,50,2210,3.34,市一,M,22,PDCT
b70,GuanJiaWen,53,1810,3.26,市一,M,22,PDCT
b70,GuanJiaWen,57,6500,3.81,市一,M,22,PDCT
b70,GuanJiaWen,60,500,2.7,市一,M,22,PDCT
b70,GuanJiaWen,62,500,2.7,市一,M,22,PDCT
b70,GuanJiaWen,64,500,2.7,市一,M,22,PDCT
b70,GuanJiaWen,67,500,2.7,市一,M,22,PDCT
b70,GuanJiaWen,81,500,2.7,市一,M,22,PDCT
b70,GuanJiaWen,88,500,2.7,市一,M,22,PDCT
b70,GuanJiaWen,95,500,2.7,市一,M,22,PDCT
b70,GuanJiaWen,103,500,2.7,市一,M,22,PDCT
b70,GuanJiaWen,109,500,2.7,市一,M,22,PDCT
b70,GuanJiaWen,179,500,2.7,市一,M,22,PDCT
b70,GuanJiaWen,182,500,2.7,市一,M,22,PDCT
b70,GuanJiaWen,186,500,2.7,市一,M,22,PDCT
b70,GuanJiaWen,189,500,2.7,市一,M,22,PDCT
b70,GuanJiaWen,193,500,2.7,市一,M,22,PDCT
b70,GuanJiaWen,200,500,2.7,市一,M,22,PDCT
b70,GuanJiaWen,207,500,2.7,市一,M,22,PDCT
b70,GuanJiaWen,221,500,2.7,市一,M,22,PDCT
b70,GuanJiaWen,223,500,2.7,市一,M,22,PDCT
b71,LiangYunCheng,-5,500,2.7,市一,M,21,ALL
b71,LiangYunCheng,9,500,2.7,市一,M,21,ALL
b71,LiangYunCheng,20,500,2.7,市一,M,21,ALL
b71,LiangYunCheng,23,500,2.7,市一,M,21,ALL
b71,LiangYunCheng,30,758,2.88,市一,M,21,ALL
b71,LiangYunCheng,34,500,2.7,市一,M,21,ALL
b71,LiangYunCheng,37,1960,3.29,市一,M,21,ALL
b71,LiangYunCheng,38,500,2.7,市一,M,21,ALL
b71,LiangYunCheng,41,1640,3.21,市一,M,21,ALL
b71,LiangYunCheng,44,1340,3.13,市一,M,21,ALL
b71,LiangYunCheng,48,500,2.7,市一,M,21,ALL
b71,LiangYunCheng,50,500,2.7,市一,M,21,ALL
b71,LiangYunCheng,52,500,2.7,市一,M,21,ALL
b71,LiangYunCheng,55,500,2.7,市一,M,21,ALL
b71,LiangYunCheng,58,500,2.7,市一,M,21,ALL
b71,LiangYunCheng,62,500,2.7,市一,M,21,ALL
b71,LiangYunCheng,65,500,2.7,市一,M,21,ALL
b71,LiangYunCheng,70,500,2.7,市一,M,21,ALL
b71,LiangYunCheng,72,500,2.7,市一,M,21,ALL
b71,LiangYunCheng,76,500,2.7,市一,M,21,ALL
b71,LiangYunCheng,79,500,2.7,市一,M,21,ALL
b71,LiangYunCheng,83,500,2.7,市一,M,21,ALL
b71,LiangYunCheng,86,500,2.7,市一,M,21,ALL
b71,LiangYunCheng,90,500,2.7,市一,M,21,ALL
b71,LiangYunCheng,99,500,2.7,市一,M,21,ALL
b71,LiangYunCheng,101,500,2.7,市一,M,21,ALL
b71,LiangYunCheng,104,500,2.7,市一,M,21,ALL
b71,LiangYunCheng,107,500,2.7,市一,M,21,ALL
b71,LiangYunCheng,112,500,2.7,市一,M,21,ALL
b71,LiangYunCheng,118,500,2.7,市一,M,21,ALL
b71,LiangYunCheng,164,500,2.7,市一,M,21,ALL
b71,LiangYunCheng,167,500,2.7,市一,M,21,ALL
b71,LiangYunCheng,185,500,2.7,市一,M,21,ALL
b72,LiBingJiao,23,500,2.7,市一,F,55,PCL
b72,LiBingJiao,28,3290,3.52,市一,F,55,PCL
b72,LiBingJiao,32,793,2.9,市一,F,55,PCL
b72,LiBingJiao,35,500,2.7,市一,F,55,PCL
b72,LiBingJiao,37,500,2.7,市一,F,55,PCL
b72,LiBingJiao,43,2220,3.35,市一,F,55,PCL
b72,LiBingJiao,49,500,2.7,市一,F,55,PCL
b72,LiBingJiao,51,500,2.7,市一,F,55,PCL
b72,LiBingJiao,56,510,2.71,市一,F,55,PCL
b72,LiBingJiao,58,500,2.7,市一,F,55,PCL
b72,LiBingJiao,63,500,2.7,市一,F,55,PCL
b72,LiBingJiao,67,500,2.7,市一,F,55,PCL
b72,LiBingJiao,70,500,2.7,市一,F,55,PCL
b72,LiBingJiao,73,500,2.7,市一,F,55,PCL
b72,LiBingJiao,84,500,2.7,市一,F,55,PCL
b73,LiaoJingLiang,12,500,2.7,市一,M,16,AML
b73,LiaoJingLiang,15,500,2.7,市一,M,16,AML
b73,LiaoJingLiang,19,500,2.7,市一,M,16,AML
b73,LiaoJingLiang,22,500,2.7,市一,M,16,AML
b73,LiaoJingLiang,29,500,2.7,市一,M,16,AML
b73,LiaoJingLiang,37,500,2.7,市一,M,16,AML
b73,LiaoJingLiang,43,500,2.7,市一,M,16,AML
b73,LiaoJingLiang,46,2950,3.47,市一,M,16,AML
b73,LiaoJingLiang,52,833,2.92,市一,M,16,AML
b73,LiaoJingLiang,57,500,2.7,市一,M,16,AML
b73,LiaoJingLiang,70,500,2.7,市一,M,16,AML
b73,LiaoJingLiang,75,500,2.7,市一,M,16,AML
b73,LiaoJingLiang,82,500,2.7,市一,M,16,AML
b73,LiaoJingLiang,102,500,2.7,市一,M,16,AML
b73,LiaoJingLiang,109,500,2.7,市一,M,16,AML
b73,LiaoJingLiang,136,500,2.7,市一,M,16,AML
b74,TangYaoQuan,12,500,2.7,市一,M,46,AML
b74,TangYaoQuan,16,500,2.7,市一,M,46,AML
b74,TangYaoQuan,19,500,2.7,市一,M,46,AML
b74,TangYaoQuan,24,907,2.96,市一,M,46,AML
b74,TangYaoQuan,30,3840,3.58,市一,M,46,AML
b74,TangYaoQuan,33,2440,3.39,市一,M,46,AML
b74,TangYaoQuan,39,500,2.7,市一,M,46,AML
b74,TangYaoQuan,41,500,2.7,市一,M,46,AML
b74,TangYaoQuan,44,500,2.7,市一,M,46,AML
b74,TangYaoQuan,46,500,2.7,市一,M,46,AML
b74,TangYaoQuan,51,500,2.7,市一,M,46,AML
b74,TangYaoQuan,60,500,2.7,市一,M,46,AML
b74,TangYaoQuan,67,852,2.93,市一,M,46,AML
b74,TangYaoQuan,69,1610,3.21,市一,M,46,AML
b74,TangYaoQuan,72,2160,3.33,市一,M,46,AML
b74,TangYaoQuan,74,2430,3.39,市一,M,46,AML
b74,TangYaoQuan,76,569,2.76,市一,M,46,AML
b74,TangYaoQuan,79,500,2.7,市一,M,46,AML
b74,TangYaoQuan,81,500,2.7,市一,M,46,AML
b74,TangYaoQuan,83,500,2.7,市一,M,46,AML
b74,TangYaoQuan,86,500,2.7,市一,M,46,AML
b74,TangYaoQuan,95,500,2.7,市一,M,46,AML
b74,TangYaoQuan,102,500,2.7,市一,M,46,AML
b74,TangYaoQuan,109,622,2.79,市一,M,46,AML
b74,TangYaoQuan,116,500,2.7,市一,M,46,AML
b75,ZhengYaoZhen,10,500,2.7,市一,F,57,AML
b75,ZhengYaoZhen,15,500,2.7,市一,F,57,AML
b75,ZhengYaoZhen,21,500,2.7,市一,F,57,AML
b75,ZhengYaoZhen,28,500,2.7,市一,F,57,AML
b75,ZhengYaoZhen,35,500,2.7,市一,F,57,AML
b75,ZhengYaoZhen,43,521,2.72,市一,F,57,AML
b75,ZhengYaoZhen,49,1140,3.06,市一,F,57,AML
b75,ZhengYaoZhen,52,5110,3.71,市一,F,57,AML
b75,ZhengYaoZhen,58,1040,3.02,市一,F,57,AML
b75,ZhengYaoZhen,60,500,2.7,市一,F,57,AML
b75,ZhengYaoZhen,63,500,2.7,市一,F,57,AML
b75,ZhengYaoZhen,65,500,2.7,市一,F,57,AML
b75,ZhengYaoZhen,72,500,2.7,市一,F,57,AML
b75,ZhengYaoZhen,81,697,2.84,市一,F,57,AML
b75,ZhengYaoZhen,88,1420,3.15,市一,F,57,AML
b75,ZhengYaoZhen,91,9510,3.98,市一,F,57,AML
b75,ZhengYaoZhen,93,4030,3.61,市一,F,57,AML
b75,ZhengYaoZhen,98,2330,3.37,市一,F,57,AML
b75,ZhengYaoZhen,100,1290,3.11,市一,F,57,AML
b75,ZhengYaoZhen,102,500,2.7,市一,F,57,AML
b75,ZhengYaoZhen,156,500,2.7,市一,F,57,AML
b75,ZhengYaoZhen,167,500,2.7,市一,F,57,AML
b75,ZhengYaoZhen,175,500,2.7,市一,F,57,AML
b75,ZhengYaoZhen,203,500,2.7,市一,F,57,AML
b76,LiangYanBing,17,500,2.7,市一,F,56,AML
b76,LiangYanBing,23,500,2.7,市一,F,56,AML
b76,LiangYanBing,27,500,2.7,市一,F,56,AML
b76,LiangYanBing,37,500,2.7,市一,F,56,AML
b76,LiangYanBing,57,500,2.7,市一,F,56,AML
b76,LiangYanBing,64,500,2.7,市一,F,56,AML
b76,LiangYanBing,71,500,2.7,市一,F,56,AML
b76,LiangYanBing,77,500,2.7,市一,F,56,AML
b76,LiangYanBing,83,500,2.7,市一,F,56,AML
b76,LiangYanBing,92,500,2.7,市一,F,56,AML
b76,LiangYanBing,98,500,2.7,市一,F,56,AML
b76,LiangYanBing,114,500,2.7,市一,F,56,AML
b76,LiangYanBing,127,500,2.7,市一,F,56,AML
b76,LiangYanBing,132,500,2.7,市一,F,56,AML
b76,LiangYanBing,139,500,2.7,市一,F,56,AML
b76,LiangYanBing,141,500,2.7,市一,F,56,AML
b76,LiangYanBing,146,500,2.7,市一,F,56,AML
b76,LiangYanBing,153,2230,3.35,市一,F,56,AML
b76,LiangYanBing,167,699,2.84,市一,F,56,AML
b76,LiangYanBing,187,500,2.7,市一,F,56,AML
b76,LiangYanBing,195,500,2.7,市一,F,56,AML
b76,LiangYanBing,251,500,2.7,市一,F,56,AML
b76,LiangYanBing,293,500,2.7,市一,F,56,AML
b76,LiangYanBing,301,500,2.7,市一,F,56,AML
b76,LiangYanBing,307,500,2.7,市一,F,56,AML
b76,LiangYanBing,330,500,2.7,市一,F,56,AML
b77,LaiShouLin,3,500,2.7,市一,M,35,CML
b77,LaiShouLin,14,500,2.7,市一,M,35,CML
b77,LaiShouLin,17,500,2.7,市一,M,35,CML
b77,LaiShouLin,22,500,2.7,市一,M,35,CML
b77,LaiShouLin,24,500,2.7,市一,M,35,CML
b77,LaiShouLin,31,766,2.88,市一,M,35,CML
b77,LaiShouLin,36,600,2.78,市一,M,35,CML
b77,LaiShouLin,43,2490,3.4,市一,M,35,CML
b77,LaiShouLin,44,4470,3.65,市一,M,35,CML
b77,LaiShouLin,49,2820,3.45,市一,M,35,CML
b77,LaiShouLin,51,1770,3.25,市一,M,35,CML
b77,LaiShouLin,53,1060,3.03,市一,M,35,CML
b77,LaiShouLin,56,702,2.85,市一,M,35,CML
b77,LaiShouLin,59,500,2.7,市一,M,35,CML
b77,LaiShouLin,60,500,2.7,市一,M,35,CML
b77,LaiShouLin,63,500,2.7,市一,M,35,CML
b77,LaiShouLin,64,500,2.7,市一,M,35,CML
b77,LaiShouLin,71,500,2.7,市一,M,35,CML
b77,LaiShouLin,78,500,2.7,市一,M,35,CML
b77,LaiShouLin,80,500,2.7,市一,M,35,CML
b77,LaiShouLin,84,500,2.7,市一,M,35,CML
b77,LaiShouLin,88,500,2.7,市一,M,35,CML
b77,LaiShouLin,98,500,2.7,市一,M,35,CML
b77,LaiShouLin,100,500,2.7,市一,M,35,CML
b77,LaiShouLin,106,500,2.7,市一,M,35,CML
b77,LaiShouLin,112,500,2.7,市一,M,35,CML
b77,LaiShouLin,119,507,2.71,市一,M,35,CML
b77,LaiShouLin,126,500,2.7,市一,M,35,CML
b77,LaiShouLin,140,500,2.7,市一,M,35,CML
b77,LaiShouLin,143,500,2.7,市一,M,35,CML
b77,LaiShouLin,156,500,2.7,市一,M,35,CML
b77,LaiShouLin,158,500,2.7,市一,M,35,CML
b77,LaiShouLin,228,500,2.7,市一,M,35,CML
b77,LaiShouLin,231,36400,4.56,市一,M,35,CML
b77,LaiShouLin,261,500,2.7,市一,M,35,CML
b78,RuanGuiSheng,15,500,2.7,市一,M,62,MDS
b78,RuanGuiSheng,17,500,2.7,市一,M,62,MDS
b78,RuanGuiSheng,21,500,2.7,市一,M,62,MDS
b78,RuanGuiSheng,24,500,2.7,市一,M,62,MDS
b78,RuanGuiSheng,32,500,2.7,市一,M,62,MDS
b78,RuanGuiSheng,48,2060,3.31,市一,M,62,MDS
b78,RuanGuiSheng,49,4060,3.61,市一,M,62,MDS
b78,RuanGuiSheng,51,3640,3.56,市一,M,62,MDS
b78,RuanGuiSheng,57,2830,3.45,市一,M,62,MDS
b78,RuanGuiSheng,60,1840,3.26,市一,M,62,MDS
b78,RuanGuiSheng,63,500,2.7,市一,M,62,MDS
b78,RuanGuiSheng,74,500,2.7,市一,M,62,MDS
b78,RuanGuiSheng,87,500,2.7,市一,M,62,MDS
b78,RuanGuiSheng,94,500,2.7,市一,M,62,MDS
b78,RuanGuiSheng,102,500,2.7,市一,M,62,MDS
b78,RuanGuiSheng,116,500,2.7,市一,M,62,MDS
b79,MoSuZhen,15,500,2.7,市一,F,49,AML
b79,MoSuZhen,18,500,2.7,市一,F,49,AML
b79,MoSuZhen,28,500,2.7,市一,F,49,AML
b79,MoSuZhen,36,500,2.7,市一,F,49,AML
b79,MoSuZhen,46,500,2.7,市一,F,49,AML
b79,MoSuZhen,53,500,2.7,市一,F,49,AML
b79,MoSuZhen,61,500,2.7,市一,F,49,AML
b79,MoSuZhen,63,500,2.7,市一,F,49,AML
b79,MoSuZhen,76,500,2.7,市一,F,49,AML
b79,MoSuZhen,90,500,2.7,市一,F,49,AML
b79,MoSuZhen,95,500,2.7,市一,F,49,AML
b79,MoSuZhen,97,500,2.7,市一,F,49,AML
b79,MoSuZhen,104,500,2.7,市一,F,49,AML
b79,MoSuZhen,139,500,2.7,市一,F,49,AML
b79,MoSuZhen,232,500,2.7,市一,F,49,AML
b80,LiuYongbiao,18,500,2.7,市一,M,53,AML
b80,LiuYongbiao,21,500,2.7,市一,M,53,AML
b80,LiuYongbiao,25,500,2.7,市一,M,53,AML
b80,LiuYongbiao,32,500,2.7,市一,M,53,AML
b80,LiuYongbiao,35,500,2.7,市一,M,53,AML
b80,LiuYongbiao,44,500,2.7,市一,M,53,AML
b80,LiuYongbiao,49,500,2.7,市一,M,53,AML
b80,LiuYongbiao,58,500,2.7,市一,M,53,AML
b80,LiuYongbiao,60,500,2.7,市一,M,53,AML
b80,LiuYongbiao,70,500,2.7,市一,M,53,AML
b80,LiuYongbiao,79,500,2.7,市一,M,53,AML
b80,LiuYongbiao,81,500,2.7,市一,M,53,AML
b80,LiuYongbiao,100,500,2.7,市一,M,53,AML
b81,ZhangYiXi,14,500,2.7,市一,M,18,AML
b81,ZhangYiXi,18,500,2.7,市一,M,18,AML
b81,ZhangYiXi,21,500,2.7,市一,M,18,AML
b81,ZhangYiXi,25,500,2.7,市一,M,18,AML
b81,ZhangYiXi,28,500,2.7,市一,M,18,AML
b81,ZhangYiXi,39,500,2.7,市一,M,18,AML
b81,ZhangYiXi,42,501,2.7,市一,M,18,AML
b81,ZhangYiXi,46,1250,3.1,市一,M,18,AML
b81,ZhangYiXi,51,3740,3.57,市一,M,18,AML
b81,ZhangYiXi,53,8380,3.92,市一,M,18,AML
b81,ZhangYiXi,56,2510,3.4,市一,M,18,AML
b81,ZhangYiXi,58,4990,3.7,市一,M,18,AML
b81,ZhangYiXi,63,1140,3.06,市一,M,18,AML
b81,ZhangYiXi,65,500,2.7,市一,M,18,AML
b81,ZhangYiXi,68,500,2.7,市一,M,18,AML
b81,ZhangYiXi,72,500,2.7,市一,M,18,AML
b81,ZhangYiXi,79,500,2.7,市一,M,18,AML
b81,ZhangYiXi,93,500,2.7,市一,M,18,AML
b81,ZhangYiXi,121,500,2.7,市一,M,18,AML
b81,ZhangYiXi,137,500,2.7,市一,M,18,AML
b81,ZhangYiXi,163,500,2.7,市一,M,18,AML
b81,ZhangYiXi,179,888,2.95,市一,M,18,AML
b81,ZhangYiXi,197,500,2.7,市一,M,18,AML
b82,WuDiandian,26,500,2.7,市一,F,25,ALL
b82,WuDiandian,42,500,2.7,市一,F,25,ALL
b82,WuDiandian,49,500,2.7,市一,F,25,ALL
b82,WuDiandian,55,500,2.7,市一,F,25,ALL
b82,WuDiandian,69,500,2.7,市一,F,25,ALL
b82,WuDiandian,77,500,2.7,市一,F,25,ALL
b82,WuDiandian,84,500,2.7,市一,F,25,ALL
b82,WuDiandian,96,500,2.7,市一,F,25,ALL
b82,WuDiandian,126,500,2.7,市一,F,25,ALL
b82,WuDiandian,145,500,2.7,市一,F,25,ALL
b83,YuXiang,43,500,2.7,市一,M,37,MDS
b83,YuXiang,50,500,2.7,市一,M,37,MDS
b83,YuXiang,54,500,2.7,市一,M,37,MDS
b83,YuXiang,59,500,2.7,市一,M,37,MDS
b83,YuXiang,70,500,2.7,市一,M,37,MDS
b83,YuXiang,75,500,2.7,市一,M,37,MDS
b83,YuXiang,80,500,2.7,市一,M,37,MDS
b83,YuXiang,94,500,2.7,市一,M,37,MDS
b83,YuXiang,96,500,2.7,市一,M,37,MDS
b83,YuXiang,176,500,2.7,市一,M,37,MDS
b83,YuXiang,183,500,2.7,市一,M,37,MDS
b83,YuXiang,190,500,2.7,市一,M,37,MDS
b84,ZhouXianYou,-18,500,2.7,市一,M,31,AML
b84,ZhouXianYou,14,500,2.7,市一,M,31,AML
b84,ZhouXianYou,30,500,2.7,市一,M,31,AML
b84,ZhouXianYou,32,500,2.7,市一,M,31,AML
b84,ZhouXianYou,35,500,2.7,市一,M,31,AML
b84,ZhouXianYou,39,500,2.7,市一,M,31,AML
b84,ZhouXianYou,42,500,2.7,市一,M,31,AML
b84,ZhouXianYou,51,500,2.7,市一,M,31,AML
b84,ZhouXianYou,56,500,2.7,市一,M,31,AML
b84,ZhouXianYou,59,500,2.7,市一,M,31,AML
b84,ZhouXianYou,64,500,2.7,市一,M,31,AML
b84,ZhouXianYou,73,500,2.7,市一,M,31,AML
b84,ZhouXianYou,81,500,2.7,市一,M,31,AML
b84,ZhouXianYou,91,500,2.7,市一,M,31,AML
b84,ZhouXianYou,95,500,2.7,市一,M,31,AML
b84,ZhouXianYou,100,500,2.7,市一,M,31,AML
b84,ZhouXianYou,114,500,2.7,市一,M,31,AML
b84,ZhouXianYou,116,500,2.7,市一,M,31,AML
b84,ZhouXianYou,119,500,2.7,市一,M,31,AML
b84,ZhouXianYou,136,500,2.7,市一,M,31,AML
b84,ZhouXianYou,137,500,2.7,市一,M,31,AML
b84,ZhouXianYou,148,500,2.7,市一,M,31,AML
b84,ZhouXianYou,205,500,2.7,市一,M,31,AML
b84,ZhouXianYou,225,500,2.7,市一,M,31,AML
b85,HuangXiaoHua,1064,500,2.7,市一,F,45,AML
b85,HuangXiaoHua,1377,500,2.7,市一,F,45,AML
b85,HuangXiaoHua,1388,500,2.7,市一,F,45,AML
b85,HuangXiaoHua,1398,500,2.7,市一,F,45,AML
b85,HuangXiaoHua,1405,500,2.7,市一,F,45,AML
b85,HuangXiaoHua,1412,500,2.7,市一,F,45,AML
b85,HuangXiaoHua,1419,500,2.7,市一,F,45,AML
b86,PengZhuGen,15,500,2.7,市一,M,43,AML
b86,PengZhuGen,18,500,2.7,市一,M,43,AML
b86,PengZhuGen,34,500,2.7,市一,M,43,AML
b86,PengZhuGen,61,500,2.7,市一,M,43,AML
b86,PengZhuGen,89,500,2.7,市一,M,43,AML
b86,PengZhuGen,137,500,2.7,市一,M,43,AML
b86,PengZhuGen,279,500,2.7,市一,M,43,AML
b87,YuAiZhen,12,500,2.7,市一,F,40,MDS
b87,YuAiZhen,17,500,2.7,市一,F,40,MDS
b87,YuAiZhen,21,500,2.7,市一,F,40,MDS
b87,YuAiZhen,24,500,2.7,市一,F,40,MDS
b87,YuAiZhen,47,1450,3.16,市一,F,40,MDS
b87,YuAiZhen,49,8780,3.94,市一,F,40,MDS
b87,YuAiZhen,52,33300,4.52,市一,F,40,MDS
b87,YuAiZhen,54,24700,4.39,市一,F,40,MDS
b87,YuAiZhen,59,10700,4.03,市一,F,40,MDS
b87,YuAiZhen,61,8760,3.94,市一,F,40,MDS
b87,YuAiZhen,63,10200,4.01,市一,F,40,MDS
b87,YuAiZhen,66,1020,3.01,市一,F,40,MDS
b87,YuAiZhen,68,500,2.7,市一,F,40,MDS
b87,YuAiZhen,70,500,2.7,市一,F,40,MDS
b87,YuAiZhen,80,500,2.7,市一,F,40,MDS
b87,YuAiZhen,82,500,2.7,市一,F,40,MDS
b87,YuAiZhen,84,743,2.87,市一,F,40,MDS
b88,ZhaoYongPan,35,500,2.7,市一,M,21,ALL
b88,ZhaoYongPan,38,500,2.7,市一,M,21,ALL
b88,ZhaoYongPan,40,500,2.7,市一,M,21,ALL
b88,ZhaoYongPan,45,500,2.7,市一,M,21,ALL
b88,ZhaoYongPan,48,500,2.7,市一,M,21,ALL
b88,ZhaoYongPan,52,500,2.7,市一,M,21,ALL
b88,ZhaoYongPan,54,500,2.7,市一,M,21,ALL
b88,ZhaoYongPan,55,500,2.7,市一,M,21,ALL
b88,ZhaoYongPan,59,500,2.7,市一,M,21,ALL
b88,ZhaoYongPan,66,500,2.7,市一,M,21,ALL
b88,ZhaoYongPan,70,500,2.7,市一,M,21,ALL
b88,ZhaoYongPan,73,500,2.7,市一,M,21,ALL
b88,ZhaoYongPan,81,500,2.7,市一,M,21,ALL
b88,ZhaoYongPan,87,500,2.7,市一,M,21,ALL
b88,ZhaoYongPan,101,500,2.7,市一,M,21,ALL
b88,ZhaoYongPan,108,500,2.7,市一,M,21,ALL
b88,ZhaoYongPan,115,500,2.7,市一,M,21,ALL
b88,ZhaoYongPan,125,500,2.7,市一,M,21,ALL
b88,ZhaoYongPan,150,500,2.7,市一,M,21,ALL
b88,ZhaoYongPan,157,500,2.7,市一,M,21,ALL
b88,ZhaoYongPan,159,500,2.7,市一,M,21,ALL
b88,ZhaoYongPan,161,500,2.7,市一,M,21,ALL
b88,ZhaoYongPan,165,500,2.7,市一,M,21,ALL
b88,ZhaoYongPan,171,500,2.7,市一,M,21,ALL
b88,ZhaoYongPan,173,500,2.7,市一,M,21,ALL
b88,ZhaoYongPan,178,500,2.7,市一,M,21,ALL
b88,ZhaoYongPan,196,500,2.7,市一,M,21,ALL
b88,ZhaoYongPan,206,500,2.7,市一,M,21,ALL
b88,ZhaoYongPan,213,500,2.7,市一,M,21,ALL
b88,ZhaoYongPan,221,500,2.7,市一,M,21,ALL
b88,ZhaoYongPan,227,500,2.7,市一,M,21,ALL
b88,ZhaoYongPan,236,500,2.7,市一,M,21,ALL
b88,ZhaoYongPan,334,500,2.7,市一,M,21,ALL